115016;1;-1;2;3;1;-1;-1;-1;-1;-1;-1;79;0;2;2;;
115016;2;1;1;3;4;1148;1150;1;5;24;0,113992802;78;0;2;2;074;074
115016;2;2;1;3;4;1318;1320;5;1;24;0,113992802;78;0;2;2;074;074
118266;1;1;1;3;4;1830;1840;1;5;11;2,601170166;65;1;2;2;074;074
118266;1;2;1;3;4;1930;1945;5;1;11;2,601170166;65;1;2;2;074;074
118266;2;1;2;8;1;1830;1840;1;5;14;2,601170166;64;1;2;2;074;074
118266;2;2;2;8;1;1930;1945;5;1;14;2,601170166;64;1;2;2;074;074
118493;1;1;1;3;4;600;620;1;10;11;1,368258021;70;1;2;2;074;074
118493;1;2;1;3;4;840;855;10;7;11;0,999951825;70;1;2;2;074;074
118493;1;3;1;3;4;905;930;7;1;24;0,573987823;70;1;2;2;074;074
118493;1;4;1;3;4;1015;1120;1;7;24;1,804913946;70;1;2;2;074;074
118493;1;5;1;3;4;1120;1300;7;1;24;1,804913946;70;1;2;2;074;074
118493;2;1;2;9;1;941;1005;1;8;24;0,904579207;68;1;2;2;074;074
118493;2;2;2;9;1;1230;1240;8;1;24;0,904579207;68;1;2;2;074;074
118579;1;-1;2;8;1;-1;-1;-1;-1;-1;-1;59;0;2;2;;
118579;2;-1;1;3;5;-1;-1;-1;-1;-1;-1;61;0;2;2;;
118678;1;-1;1;3;4;-1;-1;-1;-1;-1;-1;69;1;2;2;;
118678;2;1;2;3;1;1200;1210;1;5;24;0,57949308;63;1;2;2;074;074
118678;2;2;2;3;1;1310;1320;5;1;24;0,57949308;63;1;2;2;074;074
118881;1;1;1;3;4;830;910;1;8;4;12,13106983;67;5;2;2;079;074
118881;1;2;1;3;4;1100;1130;8;1;4;12,13106983;67;5;2;2;074;079
118881;2;1;2;3;4;830;910;1;8;4;12,13106983;63;5;2;2;079;074
118881;2;2;2;3;4;1100;1130;8;1;4;12,13106983;63;5;2;2;074;079
119567;1;1;2;8;1;1000;1030;1;1;24;0;63;0;2;2;074;074
119567;2;-1;1;3;4;-1;-1;-1;-1;-1;-1;69;0;2;2;;
121612;1;1;1;3;4;900;920;1;5;24;0,362058986;70;1;2;2;074;074
121612;1;2;1;3;4;1100;1130;5;1;24;0,362058986;70;1;2;2;074;074
121612;1;3;1;3;4;1800;1900;1;9;24;0,493454857;70;1;2;2;074;074
121612;1;4;1;3;4;1900;1930;9;1;24;0,493454857;70;1;2;2;074;074
121612;2;1;2;3;1;1800;1900;1;9;24;0,493454857;69;1;2;2;074;074
121612;2;2;2;3;1;1900;1930;9;1;24;0,493454857;69;1;2;2;074;074
124224;1;-1;1;3;1;-1;-1;-1;-1;-1;-1;84;1;2;2;;
124224;2;1;1;3;4;1000;1015;1;5;24;1,343530503;50;1;2;2;074;074
124224;2;2;1;3;4;1145;1200;5;1;24;1,343530503;50;1;2;2;074;074
124403;1;1;2;3;1;1130;1135;1;5;24;0,170638068;73;1;3;3;074;074
124403;1;2;2;3;1;1140;1145;5;1;24;0,170638068;73;1;3;3;074;074
124403;2;-1;1;3;4;-1;-1;-1;-1;-1;-1;71;1;3;3;;
124403;3;1;2;6;1;2000;2015;1;8;14;2,089174699;34;1;3;3;074;074
124403;3;2;2;6;1;2300;2310;8;1;14;2,089174699;34;1;3;3;074;074
124687;1;1;1;3;4;1100;1130;1;9;24;1,172204887;70;1;3;3;074;074
124687;1;2;1;3;4;1130;1200;9;1;24;1,172204887;70;1;3;3;074;074
124687;1;3;1;3;4;1700;1730;1;9;24;0;70;1;3;3;074;074
124687;2;-1;2;3;1;-1;-1;-1;-1;-1;-1;69;1;3;3;;
124687;3;1;1;4;4;1700;1720;1;10;24;1,062199515;42;1;3;3;074;074
124687;3;2;1;4;4;1735;1755;10;1;24;1,062199515;42;1;3;3;074;074
125622;1;1;2;8;1;1300;1315;1;6;14;1,653847737;65;1;2;2;074;074
125622;1;2;2;8;1;1500;1515;6;1;14;1,653847737;65;1;2;2;074;074
125622;2;1;1;3;4;1300;1315;1;7;11;1,653847737;64;1;2;2;074;074
125622;2;2;1;3;4;1500;1515;7;1;11;1,653847737;64;1;2;2;074;074
127013;1;1;1;3;1;1000;1025;1;10;24;1,023860658;70;0;2;2;074;074
127013;1;2;1;3;1;1105;1130;10;1;24;1,023860658;70;0;2;2;074;074
127013;1;3;1;3;1;1900;1910;1;5;24;0,74097516;70;0;2;2;074;074
127013;1;4;1;3;1;1950;2000;5;1;24;0,74097516;70;0;2;2;074;074
127013;2;-1;2;3;1;-1;-1;-1;-1;-1;-1;68;0;2;2;;
128976;1;1;1;3;4;1100;1110;1;5;24;0,23080471;82;0;2;2;074;074
128976;1;2;1;3;4;1200;1210;5;1;24;0,23080471;82;0;2;2;074;074
128976;1;3;1;3;4;1800;1825;1;9;24;0,645821223;82;0;2;2;074;074
128976;1;4;1;3;4;1835;1900;9;1;24;0,645821223;82;0;2;2;074;074
128976;2;1;2;3;4;1100;1110;1;5;24;0,064951898;80;0;2;2;074;074
128976;2;2;2;3;4;1200;1210;5;1;24;0,064951898;80;0;2;2;074;074
128976;2;3;2;3;4;1800;1825;1;9;24;0,645821223;80;0;2;2;074;074
128976;2;4;2;3;4;1835;1900;9;1;24;0,645821223;80;0;2;2;074;074
129762;1;1;2;3;1;1030;1035;1;5;24;0;77;0;2;2;074;074
129762;1;2;2;3;1;1100;1110;5;1;24;0;77;0;2;2;074;074
129762;2;-1;1;4;1;-1;-1;-1;-1;-1;-1;45;0;2;2;;
129763;1;1;2;3;4;1000;1100;1;10;11;13,51065439;70;1;2;2;079;074
129763;1;2;2;3;4;1500;1530;10;1;11;13,51065439;70;1;2;2;074;079
129763;2;1;1;3;4;1110;1115;1;5;24;0,370243868;69;1;2;2;074;074
129763;2;2;1;3;4;1250;1300;5;1;24;0,370243868;69;1;2;2;074;074
129814;1;1;1;3;1;1236;1240;1;9;23;0,384388132;79;0;2;2;074;074
129814;1;2;1;3;1;1356;1400;9;1;23;0,384388132;79;0;2;2;074;074
129814;2;-1;2;3;1;-1;-1;-1;-1;-1;-1;71;0;2;2;;
131096;1;1;1;3;4;1100;1110;1;5;11;2,584777923;71;1;2;2;074;074
131096;1;2;1;3;4;1320;1335;5;1;11;2,584777923;71;1;2;2;074;074
131096;2;1;2;3;1;1630;1645;1;11;2;2,431289371;67;1;2;2;074;074
131096;2;2;2;3;1;2115;2135;11;1;2;2,431289371;67;1;2;2;074;074
131893;1;1;1;3;4;749;750;1;8;24;0,063617633;72;2;2;2;074;074
131893;1;2;1;3;4;841;845;8;7;11;0,369941975;72;2;2;2;074;074
131893;1;3;1;3;4;845;900;7;7;11;1,929319292;72;2;2;2;074;074
131893;1;4;1;3;4;900;910;7;9;11;1,347347808;72;2;2;2;074;074
131893;1;5;1;3;4;1125;1130;9;1;24;0,179647814;72;2;2;2;074;074
131893;2;-1;2;3;4;-1;-1;-1;-1;-1;-1;72;2;2;2;;
132312;1;1;1;3;1;800;840;1;9;24;2,384022977;76;0;2;2;074;074
132312;1;2;1;3;1;840;920;9;1;24;2,384022977;76;0;2;2;074;074
132312;2;1;2;3;1;1800;1810;1;5;24;0,260415771;71;0;2;2;074;074
132312;2;2;2;3;1;1900;1910;5;1;24;0,260415771;71;0;2;2;074;074
132564;1;1;1;3;4;1200;1210;1;5;24;0,746748837;63;1;2;2;074;074
132564;1;2;1;3;4;1245;1300;5;1;24;0,746748837;63;1;2;2;074;074
132564;2;1;2;3;4;1200;1210;1;5;24;0,746748837;60;1;2;2;074;074
132564;2;2;2;3;4;1245;1300;5;1;24;0,746748837;60;1;2;2;074;074
133165;1;-1;1;3;1;-1;-1;-1;-1;-1;-1;67;0;2;2;;
133165;2;-1;2;3;1;-1;-1;-1;-1;-1;-1;64;0;2;2;;
133608;1;-1;1;3;1;-1;-1;-1;-1;-1;-1;79;1;2;2;;
133608;2;-1;2;3;1;-1;-1;-1;-1;-1;-1;75;1;2;2;;
135265;1;1;1;3;4;1130;1135;1;9;24;0;79;1;2;2;074;074
135265;1;2;1;3;4;1230;1245;9;1;24;0;79;1;2;2;074;074
135265;2;1;2;3;1;1230;1240;1;5;24;0,616914311;74;1;2;2;074;074
135265;2;2;2;3;1;1400;1410;5;1;24;0,616914311;74;1;2;2;074;074
135704;1;1;1;3;4;1010;1030;1;10;24;0,068046444;71;0;2;2;074;074
135704;1;2;1;3;4;1200;1215;10;1;24;0,068046444;71;0;2;2;074;074
135704;2;1;2;3;1;930;1000;1;5;24;0,433981351;70;0;2;2;074;074
135704;2;2;2;3;1;1100;1130;5;1;24;0,433981351;70;0;2;2;074;074
135762;1;-1;2;8;1;-1;-1;-1;-1;-1;-1;79;0;2;2;;
135762;2;1;1;3;4;800;845;1;9;24;0,175321454;78;0;2;2;074;074
135762;2;2;1;3;4;845;930;9;1;24;0,175321454;78;0;2;2;074;074
136148;1;1;1;3;1;950;1000;1;8;2;0,701550567;88;0;2;2;074;074
136148;1;2;1;3;1;1221;1230;8;1;2;0,701550567;88;0;2;2;074;074
136148;2;1;1;3;1;1000;1010;1;8;24;0,40022906;60;0;2;2;074;074
136148;2;2;1;3;1;1200;1215;8;1;24;0,40022906;60;0;2;2;074;074
136367;1;-1;1;3;4;-1;-1;-1;-1;-1;-1;66;1;2;2;;
136367;2;-1;2;3;1;-1;-1;-1;-1;-1;-1;63;1;2;2;;
137615;1;-1;1;3;1;-1;-1;-1;-1;-1;-1;75;0;2;2;;
137615;2;1;2;3;1;1000;1005;1;5;24;0,219262212;71;0;2;2;074;074
137615;2;2;2;3;1;1110;1120;5;1;24;0,219262212;71;0;2;2;074;074
137615;2;3;2;3;1;2000;2100;1;9;24;0,995729144;71;0;2;2;074;074
139677;1;1;1;3;4;900;910;1;10;24;0,688657743;80;1;2;2;074;074
139677;1;2;1;3;4;1250;1300;10;1;24;0,688657743;80;1;2;2;074;074
139677;1;3;1;3;4;1730;1745;1;10;24;1,178291814;80;1;2;2;074;074
139677;1;4;1;3;4;1930;1945;10;1;24;1,178291814;80;1;2;2;074;074
139677;2;1;2;3;1;930;950;1;9;24;1,178291814;79;1;2;2;074;074
139677;2;2;2;3;1;1200;1230;9;1;24;1,178291814;79;1;2;2;074;074
139685;1;1;1;3;4;1200;1205;1;5;24;0,119550746;84;0;2;2;074;074
139685;1;2;1;3;4;1255;1300;5;1;24;0,119550746;84;0;2;2;074;074
139685;1;3;1;3;4;1800;1900;1;9;24;0;84;0;2;2;074;074
139685;2;1;2;3;1;1800;1900;1;9;24;0;81;0;2;2;074;074
140191;1;1;1;3;4;730;900;1;9;24;1,120448666;73;0;2;2;074;074
140191;1;2;1;3;4;1600;1615;9;7;24;1,193384079;73;0;2;2;074;074
140191;1;3;1;3;4;2000;2015;7;1;24;0,249979173;73;0;2;2;074;074
140191;2;1;2;3;1;830;845;1;7;24;0,884125516;71;0;2;2;074;074
140191;2;2;2;3;1;910;935;7;5;24;0,435124466;71;0;2;2;074;074
140191;2;3;2;3;1;1105;1115;5;1;24;0,695652361;71;0;2;2;074;074
140191;2;4;2;3;1;1800;1810;1;10;24;0,249979173;71;0;2;2;074;074
140191;2;5;2;3;1;2000;2015;10;1;24;0,249979173;71;0;2;2;074;074
143714;1;-1;2;7;1;-1;-1;-1;-1;-1;-1;68;1;3;3;;
143714;2;-1;1;3;4;-1;-1;-1;-1;-1;-1;68;1;3;3;;
143714;3;-1;1;5;4;-1;-1;-1;-1;-1;-1;41;1;3;3;;
145043;1;-1;2;4;4;-1;-1;-1;-1;-1;-1;44;1;2;2;;
145043;2;1;1;4;4;1200;1210;1;5;11;1,183445143;41;1;2;2;074;074
145043;2;2;1;4;4;1300;1310;5;1;11;1,183445143;41;1;2;2;074;074
147653;1;1;1;3;4;1100;1110;1;5;24;0,605568677;76;1;2;2;074;074
147653;1;2;1;3;4;1200;1215;5;1;24;0,605568677;76;1;2;2;074;074
147653;1;3;1;3;4;1559;1610;1;7;11;0,773181151;76;1;2;2;074;074
147653;1;4;1;3;4;1716;1730;7;1;11;0,773181151;76;1;2;2;074;074
147653;2;1;2;3;4;1600;1615;1;7;11;0,773181151;73;1;2;2;074;074
147653;2;2;2;3;4;1726;1730;7;1;11;0,773181151;73;1;2;2;074;074
149559;1;-1;2;3;1;-1;-1;-1;-1;-1;-1;67;4;3;3;;
149559;2;-1;1;3;4;-1;-1;-1;-1;-1;-1;73;4;3;3;;
149559;3;1;1;4;4;2000;2020;1;8;11;2,410877965;29;4;3;3;092;074
150699;1;-1;2;4;1;-1;-1;-1;-1;-1;-1;49;0;2;2;;
150699;2;1;2;6;1;900;905;1;9;24;0;27;0;2;2;074;074
150699;2;2;2;6;1;930;940;9;1;24;0;27;0;2;2;074;074
150699;2;3;2;6;1;1200;1245;1;8;1;13,9588642;27;0;2;2;079;074
150699;2;4;2;6;1;1800;1845;8;1;1;13,9588642;27;0;2;2;074;079
150699;2;5;2;6;1;1900;1910;1;9;24;1,129489464;27;0;2;2;074;074
150699;2;6;2;6;1;1950;2010;9;1;24;1,129489464;27;0;2;2;074;074
150699;2;7;2;6;1;2245;2255;1;9;24;1,129489464;27;0;2;2;074;074
150699;2;8;2;6;1;2320;2340;9;1;24;1,129489464;27;0;2;2;074;074
152050;1;1;1;3;4;1100;1105;1;5;24;0,06950415;70;1;2;2;074;074
152050;1;2;1;3;4;1115;1120;5;1;24;0,06950415;70;1;2;2;074;074
152050;1;3;1;3;4;1630;1715;1;9;24;5,365152031;70;1;2;2;058;074
152050;1;4;1;3;4;1715;1810;9;1;24;5,365152031;70;1;2;2;074;058
152050;2;1;2;3;1;800;830;1;9;24;1,284453378;67;1;2;2;074;074
152050;2;2;2;3;1;830;900;9;1;24;1,284453378;67;1;2;2;074;074
152866;1;1;1;3;1;1200;1215;1;6;24;0,783344852;81;0;2;2;074;074
152866;1;2;1;3;1;1440;1500;6;1;24;0,783344852;81;0;2;2;074;074
152866;1;3;1;3;1;1900;1920;1;8;24;0,968634895;81;0;2;2;074;074
152866;1;4;1;3;1;2200;2230;8;1;24;0,968634895;81;0;2;2;074;074
152866;2;1;2;3;1;1130;1140;1;5;24;0,476371547;78;0;2;2;074;074
152866;2;2;2;3;1;1305;1315;5;1;24;0,476371547;78;0;2;2;074;074
153540;1;-1;2;3;1;-1;-1;-1;-1;-1;-1;78;1;2;2;;
153540;2;1;1;3;4;1100;1115;1;5;24;0,328648969;52;1;2;2;074;074
153540;2;2;1;3;4;1130;1150;5;1;24;0,328648969;52;1;2;2;074;074
153540;2;3;1;3;4;1730;1745;1;9;24;1,097456457;52;1;2;2;074;074
153540;2;4;1;3;4;2220;2240;9;1;24;1,097456457;52;1;2;2;074;074
153631;1;1;1;3;1;1000;1020;1;10;4;4,439445697;74;0;2;2;092;074
153631;1;2;1;3;1;1530;1600;10;1;4;4,439445697;74;0;2;2;074;092
153631;2;1;2;3;1;1000;1020;1;10;4;4,439445697;71;0;2;2;092;074
153631;2;2;2;3;1;1530;1600;10;1;4;4,439445697;71;0;2;2;074;092
154010;1;1;1;3;4;1830;1930;1;9;24;1,419866642;83;1;2;2;074;074
154010;1;2;1;3;4;1930;2030;9;1;24;1,419866642;83;1;2;2;074;074
154010;2;1;2;3;1;1830;1930;1;9;24;1,419866642;85;1;2;2;074;074
154010;2;2;2;3;1;1930;2030;9;1;24;1,419866642;85;1;2;2;074;074
156070;1;-1;2;3;1;-1;-1;-1;-1;-1;-1;68;1;2;2;;
156070;2;-1;1;3;4;-1;-1;-1;-1;-1;-1;66;1;2;2;;
156318;1;-1;1;3;4;-1;-1;-1;-1;-1;-1;72;1;2;2;;
156318;2;-1;2;3;1;-1;-1;-1;-1;-1;-1;69;1;2;2;;
157184;1;1;1;3;4;1100;1120;1;5;11;4,969067568;68;1;2;2;074;074
157184;1;2;1;3;4;1200;1230;5;1;11;4,969067568;68;1;2;2;074;074
157184;2;-1;2;3;4;-1;-1;-1;-1;-1;-1;68;1;2;2;;
157212;1;1;1;3;4;930;945;1;5;11;2,116226842;67;1;2;2;074;074
157212;1;2;1;3;4;1100;1115;5;1;11;2,116226842;67;1;2;2;074;074
157212;2;-1;2;3;4;-1;-1;-1;-1;-1;-1;67;1;2;2;;
157704;1;1;1;3;4;1049;1100;1;10;2;0,807254519;73;1;2;2;074;074
157704;1;2;1;3;4;1200;1250;10;1;24;0,807254519;73;1;2;2;074;074
157704;2;-1;2;3;1;-1;-1;-1;-1;-1;-1;70;1;2;2;;
158970;1;1;2;3;1;1200;1220;1;5;24;0,264166424;70;0;2;2;074;074
158970;1;2;2;3;1;1300;1320;5;1;24;0,264166424;70;0;2;2;074;074
158970;2;1;1;3;4;1000;1015;1;8;24;0,615207645;68;0;2;2;074;074
158970;2;2;1;3;4;1130;1145;8;1;24;0,615207645;68;0;2;2;074;074
160369;1;1;1;3;1;1350;1430;1;9;24;0,833360915;67;0;2;2;074;074
160369;1;2;1;3;1;1630;1800;9;1;24;0,833360915;67;0;2;2;074;074
160369;2;1;2;3;1;1350;1430;1;9;24;0,833360915;66;0;2;2;074;074
160369;2;2;2;3;1;1630;1800;9;1;24;0,833360915;66;0;2;2;074;074
161069;1;1;1;3;5;1400;1500;1;10;11;30,86621654;68;1;2;2;148;074
161069;1;2;1;3;5;1515;1615;10;8;11;30,86621654;68;1;2;2;074;148
161069;1;3;1;3;5;1800;1830;8;9;24;0;68;1;2;2;074;074
161069;2;1;2;3;4;1400;1410;1;10;14;3,338232013;65;1;2;2;074;074
161069;2;2;2;3;4;1505;1515;10;1;14;3,338232013;65;1;2;2;074;074
161069;2;3;2;3;4;1800;1810;1;9;24;0;65;1;2;2;074;074
161843;1;-1;1;3;1;-1;-1;-1;-1;-1;-1;73;0;2;2;;
161843;2;-1;2;3;1;-1;-1;-1;-1;-1;-1;71;0;2;2;;
162341;1;1;2;3;4;1000;1200;1;9;24;1,434863512;67;1;2;2;074;074
162341;1;2;2;3;4;1200;1230;9;5;24;1,67933487;67;1;2;2;074;074
162341;1;3;2;3;4;1300;1330;5;1;24;0,253518024;67;1;2;2;074;074
162341;1;4;2;3;4;1600;1615;1;7;14;2,996498831;67;1;2;2;074;074
162341;1;5;2;3;4;1800;1815;7;1;14;2,996498831;67;1;2;2;074;074
162341;2;1;1;3;4;730;745;1;7;11;2,996498831;65;1;2;2;074;074
162341;2;2;1;3;4;750;805;7;1;11;2,996498831;65;1;2;2;074;074
162341;2;3;1;3;4;1030;1200;1;9;24;1,434863512;65;1;2;2;074;074
162341;2;4;1;3;4;1200;1230;9;1;24;1,434863512;65;1;2;2;074;074
162341;2;5;1;3;4;1800;1830;1;5;11;5,368944373;65;1;2;2;007;074
162341;2;6;1;3;4;1900;1920;5;1;11;5,368944373;65;1;2;2;074;007
162565;1;1;1;3;4;1100;1105;1;5;24;0,298864343;79;1;2;2;074;074
162565;1;2;1;3;4;1200;1210;5;1;24;0,298864343;79;1;2;2;074;074
162565;2;-1;2;3;1;-1;-1;-1;-1;-1;-1;77;1;2;2;;
164410;1;1;1;3;4;1000;1010;1;5;24;0,531799108;75;1;2;2;074;074
164410;1;2;1;3;4;1030;1040;5;1;24;0,531799108;75;1;2;2;074;074
164410;1;3;1;3;4;1230;1235;1;5;24;0,664521606;75;1;2;2;074;074
164410;1;4;1;3;4;1235;1245;5;1;24;0,664521606;75;1;2;2;074;074
164410;1;5;1;3;4;1800;1830;1;9;24;0;75;1;2;2;074;074
164410;2;-1;2;3;1;-1;-1;-1;-1;-1;-1;73;1;2;2;;
164422;1;1;1;3;4;1900;1935;1;5;4;3,99447351;75;1;2;2;074;074
164422;1;2;1;3;4;2030;2110;5;1;4;3,99447351;75;1;2;2;074;074
164422;2;-1;2;3;1;-1;-1;-1;-1;-1;-1;75;1;2;2;;
165247;1;1;2;3;4;1800;1815;1;10;2;1,172573582;83;1;2;2;074;074
165247;1;2;2;3;4;2000;2015;10;1;2;1,172573582;83;1;2;2;074;074
165247;2;1;1;3;4;1200;1215;1;5;24;0,293120443;90;1;2;2;074;074
165247;2;2;1;3;4;1300;1315;5;1;24;0,293120443;90;1;2;2;074;074
165247;2;3;1;3;4;1710;1735;1;5;1;1,412870509;90;1;2;2;074;074
165247;2;4;1;3;4;1911;1935;5;1;1;1,412870509;90;1;2;2;074;074
166018;1;1;1;3;4;1100;1125;1;5;24;0,888055135;67;1;2;2;074;074
166018;1;2;1;3;4;1300;1330;5;7;24;0,475183824;67;1;2;2;074;074
166018;1;3;1;3;4;1335;1400;7;9;24;0,849304192;67;1;2;2;074;074
166018;1;4;1;3;4;1430;1435;9;1;24;0,280767308;67;1;2;2;074;074
166018;2;1;2;3;4;1030;1100;1;5;2;11,66884921;66;1;2;2;079;074
166018;2;2;2;3;4;1300;1335;5;8;2;11,43786453;66;1;2;2;074;079
166018;2;3;2;3;4;1430;1435;8;1;24;0,280767308;66;1;2;2;074;074
166720;1;1;2;4;1;900;1010;1;10;4;16,26328874;58;0;2;2;079;074
166720;1;2;2;4;1;1800;1910;10;1;4;16,26328874;58;0;2;2;074;079
166720;2;-1;1;4;4;-1;-1;-1;-1;-1;-1;60;0;2;2;;
167240;1;-1;2;9;1;-1;-1;-1;-1;-1;-1;69;0;2;2;;
167240;2;1;1;3;4;800;830;1;8;24;0,795003528;71;0;2;2;074;074
167240;2;2;1;3;4;1300;1330;8;1;24;0,795003528;71;0;2;2;074;074
167760;1;-1;1;4;4;-1;-1;-1;-1;-1;-1;60;1;2;2;;
167760;2;-1;2;4;1;-1;-1;-1;-1;-1;-1;62;1;2;2;;
168094;1;1;1;3;4;900;920;1;9;24;0;66;1;2;2;074;074
168094;1;2;1;3;4;920;1000;9;10;11;5,021924024;66;1;2;2;092;074
168094;1;3;1;3;4;1315;1330;10;5;11;5,214858852;66;1;2;2;074;092
168094;1;4;1;3;4;1405;1430;5;1;24;0,197930397;66;1;2;2;074;074
168094;2;1;2;3;1;900;920;1;9;24;0;66;1;2;2;074;074
168094;2;2;2;3;1;920;1000;9;10;14;5,021924024;66;1;2;2;092;074
168094;2;3;2;3;1;1315;1330;10;5;14;5,214858852;66;1;2;2;074;092
168094;2;4;2;3;1;1405;1430;5;1;24;0,197930397;66;1;2;2;074;074
168999;1;1;1;3;4;800;945;1;8;24;0,076639361;70;0;2;2;074;074
168999;1;2;1;3;4;945;1015;8;1;24;0,076639361;70;0;2;2;074;074
168999;1;3;1;3;4;1515;1546;1;8;2;13,31451152;70;0;2;2;079;074
168999;1;4;1;3;4;2100;2200;8;1;2;13,31451152;70;0;2;2;074;079
168999;2;1;2;3;1;900;915;1;8;24;0,416303012;65;0;2;2;074;074
168999;2;2;2;3;1;1015;1030;8;1;24;0,416303012;65;0;2;2;074;074
168999;2;3;2;3;1;1030;1230;1;10;24;0,273268403;65;0;2;2;074;074
168999;2;4;2;3;1;1230;1245;10;1;24;0,273268403;65;0;2;2;074;074
168999;2;5;2;3;1;1900;1915;1;10;24;0,097695506;65;0;2;2;074;074
168999;2;6;2;3;1;2115;2130;10;1;24;0,097695506;65;0;2;2;074;074
169246;1;1;2;3;1;945;1005;1;5;2;3,387086658;25;1;2;2;074;074
169246;1;2;2;3;1;1230;1245;5;1;2;3,387086658;25;1;2;2;074;074
169246;2;1;1;3;4;900;945;1;8;2;4,842558887;81;1;2;2;074;074
169246;2;2;1;3;4;1355;1430;8;1;2;4,842558887;81;1;2;2;074;074
169267;1;1;2;3;1;930;1000;1;5;10;4,291414974;71;1;2;2;074;074
169267;1;2;2;3;1;1430;1445;5;1;14;4,291414974;71;1;2;2;074;074
169267;2;1;1;3;5;900;915;1;5;11;4,291414974;71;1;2;2;074;074
169267;2;2;1;3;5;1430;1445;5;1;11;4,291414974;71;1;2;2;074;074
169326;1;1;1;3;1;940;1000;1;12;15;1,363804509;81;0;2;2;074;074
169326;1;2;1;3;1;1810;1830;12;1;15;1,363804509;81;0;2;2;074;074
169326;2;1;2;3;1;1245;1300;1;5;24;0,711455264;79;0;2;2;074;074
169326;2;2;2;3;1;1330;1345;5;1;24;0,711455264;79;0;2;2;074;074
172338;1;-1;1;3;4;-1;-1;-1;-1;-1;-1;79;1;2;2;;
172338;2;-1;2;3;1;-1;-1;-1;-1;-1;-1;74;1;2;2;;
174159;1;1;1;3;4;900;920;1;5;2;3,867928677;73;1;2;2;007;074
174159;1;2;1;3;4;1200;1300;5;1;2;3,867928677;73;1;2;2;074;007
174159;2;1;2;3;1;1200;1215;1;5;24;0,314382103;70;1;2;2;074;074
174159;2;2;2;3;1;1300;1320;5;1;24;0,314382103;70;1;2;2;074;074
174159;2;3;2;3;1;1345;1400;1;10;24;0,124610485;70;1;2;2;074;074
174159;2;4;2;3;1;1500;1515;10;1;24;0,124610485;70;1;2;2;074;074
175442;1;1;1;3;4;900;905;1;5;24;0,176104471;67;1;3;3;074;074
175442;1;2;1;3;4;905;915;5;10;24;0,238670551;67;1;3;3;074;074
175442;1;3;1;3;4;935;950;10;1;24;0,412175876;67;1;3;3;074;074
175442;2;1;2;3;1;1100;1115;1;5;24;0,275673908;64;1;3;3;074;074
175442;2;2;2;3;1;1150;1200;5;1;24;0,275673908;64;1;3;3;074;074
175442;3;1;2;4;1;1100;1115;1;5;24;0,275673908;34;1;3;3;074;074
175442;3;2;2;4;1;1150;1200;5;1;24;0,275673908;34;1;3;3;074;074
176798;1;1;1;3;4;830;840;1;7;11;0,83221207;67;1;2;2;074;074
176798;1;2;1;3;4;900;915;7;10;11;1,075185466;67;1;2;2;074;074
176798;1;3;1;3;4;1000;1015;10;1;11;1,596357442;67;1;2;2;074;074
176798;1;4;1;3;4;1200;1225;1;9;24;0;67;1;2;2;074;074
176798;2;1;2;7;1;1300;1310;1;5;24;0,079312295;66;1;2;2;074;074
176798;2;2;2;7;1;1415;1430;5;1;24;0,079312295;66;1;2;2;074;074
466291;1;1;1;3;4;1000;1015;1;6;24;0,584753266;67;1;2;2;074;074
466291;1;2;1;3;4;1145;1200;6;1;24;0,584753266;67;1;2;2;074;074
466291;1;3;1;3;4;1730;1740;1;5;24;0,170987491;67;1;2;2;074;074
466291;1;4;1;3;4;1750;1800;5;1;24;0,170987491;67;1;2;2;074;074
466291;2;-1;2;3;1;-1;-1;-1;-1;-1;-1;65;1;2;2;;
466710;1;1;1;3;1;800;830;1;7;2;2,038094657;67;0;2;2;074;074
466710;1;2;1;3;1;1200;1230;7;1;3;2,038094657;67;0;2;2;074;074
466710;2;1;2;3;1;800;830;1;6;2;2,038094657;67;0;2;2;074;074
466710;2;2;2;3;1;1200;1230;6;1;3;2,038094657;67;0;2;2;074;074
467426;1;1;2;3;1;1100;1110;1;6;24;0,54390247;71;1;2;2;074;074
467426;1;2;2;3;1;1300;1310;6;1;24;0,54390247;71;1;2;2;074;074
467426;2;-1;1;3;4;-1;-1;-1;-1;-1;-1;73;1;2;2;;
468477;1;1;1;3;4;1900;2030;11;1;11;66,99370848;80;1;2;2;074;113
468477;2;1;2;8;1;1900;2030;10;1;14;66,99370848;74;1;2;2;074;113
469996;1;1;1;3;4;1000;1030;1;9;24;0,260472385;68;1;2;2;074;074
469996;1;2;1;3;4;1030;1100;9;1;24;0,260472385;68;1;2;2;074;074
469996;1;3;1;3;4;1330;1340;1;10;11;1,023828495;68;1;2;2;074;074
469996;1;4;1;3;4;1345;1355;7;1;11;1,023828495;68;1;2;2;074;074
469996;1;5;1;3;4;1800;1805;1;8;24;0,300640577;68;1;2;2;074;074
469996;1;6;1;3;4;2000;2005;8;1;24;0,300640577;68;1;2;2;074;074
469996;2;1;2;3;1;900;1000;1;10;2;9,828259362;66;1;2;2;079;074
469996;2;2;2;3;1;1300;1355;10;1;1;9,828259362;66;1;2;2;074;079
470171;1;1;1;3;1;1119;1130;1;9;24;0,303991417;66;1;2;2;074;074
470171;1;2;1;3;1;1319;1330;9;1;24;0,303991417;66;1;2;2;074;074
470171;2;1;2;6;4;800;815;1;4;11;2,468305018;28;1;2;2;074;074
470171;2;2;2;6;4;1730;1745;4;1;11;2,468305018;28;1;2;2;074;074
470275;1;1;2;8;1;1200;1210;1;5;24;0,109427609;70;0;2;2;074;074
470275;1;2;2;8;1;1245;1300;5;1;24;0,109427609;70;0;2;2;074;074
470275;1;3;2;8;1;1700;1730;1;1;24;0;70;0;2;2;074;074
470275;2;1;1;3;4;1200;1230;1;1;24;0;71;0;2;2;074;074
470275;2;2;1;3;4;1900;1930;1;1;24;0;71;0;2;2;074;074
471902;1;1;1;3;4;1030;1040;1;5;24;0,322684989;72;1;2;2;074;074
471902;1;2;1;3;4;1220;1230;5;1;24;0,322684989;72;1;2;2;074;074
471902;1;3;1;3;4;1730;1800;1;9;24;0,783505398;72;1;2;2;074;074
471902;1;4;1;3;4;1900;1930;9;1;24;0,783505398;72;1;2;2;074;074
471902;2;1;2;3;1;1330;1400;1;10;4;2,094787248;70;1;2;2;074;074
471902;2;2;2;3;1;2100;2130;10;1;4;2,094787248;70;1;2;2;074;074
473875;1;1;1;3;4;1000;1200;1;9;24;0,180003257;66;1;2;2;074;074
473875;1;2;1;3;4;1200;1330;9;1;24;0,180003257;66;1;2;2;074;074
473875;2;1;2;8;1;845;900;1;10;24;0,628078775;61;1;2;2;074;074
473875;2;2;2;8;1;900;915;10;1;24;0,628078775;61;1;2;2;074;074
473875;2;3;2;8;1;1245;1300;1;7;24;0,628078775;61;1;2;2;074;074
473875;2;4;2;8;1;1300;1315;7;1;24;0,628078775;61;1;2;2;074;074
474133;1;1;2;3;1;1000;1015;1;5;24;0,319943894;84;1;2;2;074;074
474133;1;2;2;3;1;1025;1040;5;1;24;0,319943894;84;1;2;2;074;074
474133;1;3;2;3;1;1800;1830;1;9;24;0,312306595;84;1;2;2;074;074
474133;1;4;2;3;1;2030;2100;9;1;24;0,312306595;84;1;2;2;074;074
474133;2;1;2;3;4;1800;1830;1;9;24;0,312306595;57;1;2;2;074;074
474133;2;2;2;3;4;2030;2100;9;1;24;0,312306595;57;1;2;2;074;074
474238;1;1;1;3;4;800;835;1;10;1;3,761628477;70;1;2;2;079;074
474238;1;3;1;3;4;920;1000;10;1;1;3,761628477;70;1;2;2;074;079
474238;2;1;2;3;1;800;835;1;10;1;3,761628477;66;1;2;2;079;074
474238;2;2;2;3;1;920;1000;10;1;1;3,761628477;66;1;2;2;074;079
475543;1;1;1;3;4;930;950;1;6;24;1,444290587;72;0;2;2;074;074
475543;1;2;1;3;4;1100;1120;6;1;24;1,444290587;72;0;2;2;074;074
475543;1;3;1;3;4;1800;1830;1;1;24;0;72;0;2;2;074;074
475543;2;1;2;3;1;930;950;1;6;24;1,444290587;68;0;2;2;074;074
475543;2;2;2;3;1;1100;1120;6;1;24;1,444290587;68;0;2;2;074;074
475543;2;3;2;3;1;1800;1830;1;1;24;0;68;0;2;2;074;074
476071;1;-1;1;3;1;-1;-1;-1;-1;-1;-1;71;0;2;2;;
476071;2;-1;2;3;1;-1;-1;-1;-1;-1;-1;68;0;2;2;;
477522;1;1;1;3;4;1200;1205;1;5;24;0,18400084;76;1;2;2;074;074
477522;1;2;1;3;4;1230;1235;5;1;24;0,18400084;76;1;2;2;074;074
477522;2;1;2;9;1;1200;1205;1;5;24;0,18400084;78;1;2;2;074;074
477522;2;2;2;9;1;1230;1235;5;1;24;0,18400084;78;1;2;2;074;074
478226;1;1;1;3;4;1800;1815;1;9;24;0,198342002;71;1;2;2;074;074
478226;1;2;1;3;4;1900;1915;9;1;24;0,198342002;71;1;2;2;074;074
478226;2;1;2;3;1;1800;1815;1;9;24;0,198342002;71;1;2;2;074;074
478226;2;2;2;3;1;1900;1915;9;1;24;0,198342002;71;1;2;2;074;074
478500;1;-1;2;3;1;-1;-1;-1;-1;-1;-1;86;0;2;2;;
478500;2;1;1;3;1;1113;1115;1;5;24;0,105022284;90;0;2;2;074;074
478500;2;2;1;3;1;1133;1135;5;1;24;0,105022284;90;0;2;2;074;074
478500;2;3;1;3;1;1742;1745;1;6;24;0,191220724;90;0;2;2;074;074
478500;2;4;1;3;1;1911;1915;6;1;24;0,191220724;90;0;2;2;074;074
479134;1;1;1;3;1;1216;1230;1;1;24;0;85;0;2;2;074;074
479134;2;1;2;3;1;1942;2000;1;1;24;0;78;0;2;2;074;074
479293;1;1;1;3;4;1900;1930;1;8;1;8,107127861;77;1;2;2;113;074
479293;1;2;1;3;4;2100;2130;8;1;1;8,107127861;77;1;2;2;074;113
479293;2;-1;2;3;1;-1;-1;-1;-1;-1;-1;79;1;2;2;;
479379;1;1;2;3;1;1800;1830;1;10;4;7,491116803;69;1;2;2;058;074
479379;1;2;2;3;1;1900;1930;10;1;4;7,491116803;69;1;2;2;074;058
479379;2;1;1;3;5;1800;1830;1;7;4;7,491116803;68;1;2;2;058;074
479379;2;2;1;3;5;1900;1930;7;1;4;7,491116803;68;1;2;2;074;058
480244;1;1;1;3;4;824;825;1;9;24;0,334400899;65;1;2;2;074;074
480244;1;2;1;3;4;825;845;9;1;24;0,334400899;65;1;2;2;074;074
480244;1;3;1;3;4;909;910;1;8;24;0,05786914;65;1;2;2;074;074
480244;1;4;1;3;4;1139;1140;8;1;24;0,05786914;65;1;2;2;074;074
480244;1;5;1;3;4;1700;1710;1;6;24;0,503630077;65;1;2;2;074;074
480244;1;6;1;3;4;1800;1810;6;1;24;0,503630077;65;1;2;2;074;074
480244;2;1;2;8;1;1030;1100;1;5;24;0,844618;61;1;2;2;074;074
480244;2;2;2;8;1;1200;1230;5;1;24;0,844618;61;1;2;2;074;074
480352;1;1;1;3;4;1130;1200;1;7;24;0,701976418;78;1;2;2;074;074
480352;1;2;1;3;4;1400;1415;7;1;24;0,701976418;78;1;2;2;074;074
480352;1;3;1;3;4;1600;1630;1;8;11;20,62905873;78;1;2;2;080;074
480352;1;4;1;3;4;2130;2200;8;1;11;20,62905873;78;1;2;2;074;080
480352;2;1;2;3;1;1130;1200;1;6;24;0,701976418;73;1;2;2;074;074
480352;2;2;2;3;1;1400;1415;6;1;24;0,701976418;73;1;2;2;074;074
480352;2;3;2;3;1;1600;1630;1;8;14;20,62905873;73;1;2;2;080;074
480352;2;4;2;3;1;2130;2200;8;1;14;20,62905873;73;1;2;2;074;080
480923;1;-1;2;3;1;-1;-1;-1;-1;-1;-1;84;0;2;2;;
480923;2;-1;1;3;4;-1;-1;-1;-1;-1;-1;84;0;2;2;;
482040;1;1;1;3;4;1000;1030;1;9;24;0,72774279;86;0;2;2;074;074
482040;1;2;1;3;4;1200;1230;9;1;24;0,72774279;86;0;2;2;074;074
482040;1;3;1;3;4;1800;1815;1;5;24;0,586236591;86;0;2;2;074;074
482040;1;4;1;3;4;1825;1840;5;1;24;0,586236591;86;0;2;2;074;074
482040;2;-1;2;3;1;-1;-1;-1;-1;-1;-1;80;0;2;2;;
482587;1;-1;2;3;1;-1;-1;-1;-1;-1;-1;62;1;2;2;;
482587;2;-1;1;3;4;-1;-1;-1;-1;-1;-1;66;1;2;2;;
483864;1;-1;2;4;1;-1;-1;-1;-1;-1;-1;47;0;2;2;;
483864;2;-1;2;3;1;-1;-1;-1;-1;-1;-1;77;0;2;2;;
485811;1;1;1;3;1;1045;1055;1;9;24;0,09175221;80;0;2;2;074;074
485811;1;2;1;3;1;1230;1240;9;1;24;0,09175221;80;0;2;2;074;074
485811;2;1;2;3;1;1045;1055;1;9;24;0,09175221;87;0;2;2;074;074
485811;2;2;2;3;1;1230;1240;9;1;24;0,09175221;87;0;2;2;074;074
486334;1;1;2;4;1;1030;1100;1;6;14;6,782390701;69;1;2;2;079;074
486334;1;2;2;4;1;1130;1215;6;1;14;6,782390701;69;1;2;2;074;079
486334;2;1;1;3;4;1030;1100;1;7;11;6,782390701;73;1;2;2;079;074
486334;2;2;1;3;4;1130;1215;7;1;11;6,782390701;73;1;2;2;074;079
487491;1;1;1;3;4;1300;1330;1;9;24;0;81;0;2;2;074;074
487491;2;1;2;3;1;1600;1615;1;10;24;0,870230244;78;0;2;2;074;074
487491;2;2;2;3;1;1800;1830;10;1;24;0,870230244;78;0;2;2;074;074
491803;1;1;1;9;4;1100;1145;5;5;24;5,501139461;84;1;2;2;079;074
491803;1;2;1;9;4;1230;1330;5;1;24;5,501139461;84;1;2;2;074;079
491803;2;-1;2;3;1;-1;-1;-1;-1;-1;-1;83;1;2;2;;
492321;1;1;1;3;4;1200;1215;1;10;24;0,450762301;44;0;3;3;074;074
492321;1;2;1;3;4;1400;1415;10;1;24;0,450762301;44;0;3;3;074;074
492321;2;1;1;3;4;1700;1730;1;9;24;0,687288066;80;0;3;3;074;074
492321;2;2;1;3;4;1830;1900;9;1;24;0,687288066;80;0;3;3;074;074
492321;3;1;2;3;1;1000;1020;1;5;24;0,184396354;72;0;3;3;074;074
492321;3;2;2;3;1;1130;1150;5;1;24;0,184396354;72;0;3;3;074;074
492737;1;1;1;3;4;1000;1010;1;5;24;0,078407539;75;1;2;2;074;074
492737;1;2;1;3;4;1020;1030;5;1;24;0,078407539;75;1;2;2;074;074
492737;1;3;1;3;4;1800;1845;1;9;24;1,111366737;75;1;2;2;074;074
492737;1;4;1;3;4;1915;2000;9;1;24;1,111366737;75;1;2;2;074;074
492737;2;-1;2;8;1;-1;-1;-1;-1;-1;-1;75;1;2;2;;
493467;1;1;1;4;1;800;900;1;10;1;11,5105075;40;0;4;4;079;074
493467;1;2;1;4;1;1300;1400;10;1;1;11,5105075;40;0;4;4;074;079
493467;2;1;1;3;5;1100;1130;1;10;24;1,089152191;70;0;4;4;074;074
493467;2;2;1;3;5;1230;1300;10;1;24;1,089152191;70;0;4;4;074;074
493467;3;1;2;3;1;1800;1830;1;9;24;0,276575667;69;0;4;4;074;074
493467;3;2;2;3;1;1930;1950;9;1;24;0,276575667;69;0;4;4;074;074
493467;4;-1;1;4;4;-1;-1;-1;-1;-1;-1;48;0;4;4;;
493597;1;-1;2;3;1;-1;-1;-1;-1;-1;-1;76;1;2;2;;
493597;2;1;1;3;4;1530;1620;1;6;2;13,73253902;77;1;2;2;079;074
493597;2;2;1;3;4;1815;1900;6;1;2;13,73253902;77;1;2;2;074;079
494852;1;-1;2;3;1;-1;-1;-1;-1;-1;-1;91;0;2;2;;
494852;2;-1;1;3;1;-1;-1;-1;-1;-1;-1;95;0;2;2;;
495034;1;1;1;3;1;1700;1730;1;1;24;0;90;0;2;2;074;074
495034;2;-1;2;3;1;-1;-1;-1;-1;-1;-1;81;0;2;2;;
495162;1;1;2;3;1;1000;1010;1;5;24;0,215632683;74;0;2;2;074;074
495162;1;2;2;3;1;1200;1210;5;1;24;0,215632683;74;0;2;2;074;074
495162;2;1;2;4;1;1700;1710;1;6;24;0,371762688;49;0;2;2;074;074
495162;2;2;2;4;1;1900;1910;6;1;24;0,371762688;49;0;2;2;074;074
497623;1;1;2;3;4;1200;1215;1;5;14;4,223588667;65;2;2;2;065;074
497623;1;2;2;3;4;1400;1415;5;1;14;4,223588667;65;2;2;2;074;065
497623;2;1;2;3;4;1200;1215;1;5;11;4,223588667;64;2;2;2;065;074
497623;2;2;2;3;4;1400;1415;5;1;11;4,223588667;64;2;2;2;074;065
497859;1;1;2;3;1;1700;1710;1;8;14;1,27313701;66;1;2;2;074;074
497859;1;2;2;3;1;2000;2010;8;1;14;1,27313701;66;1;2;2;074;074
497859;2;1;1;3;4;1700;1710;1;8;11;1,27313701;71;1;2;2;074;074
497859;2;2;1;3;4;2000;2010;8;1;11;1,27313701;71;1;2;2;074;074
498460;1;-1;1;3;4;-1;-1;-1;-1;-1;-1;81;1;3;3;;
498460;2;-1;1;4;4;-1;-1;-1;-1;-1;-1;52;1;3;3;;
498460;3;-1;2;8;1;-1;-1;-1;-1;-1;-1;80;1;3;3;;
498640;1;1;1;3;4;1035;1040;1;5;11;0,466278892;70;1;2;2;074;074
498640;1;2;1;3;4;1205;1210;5;1;11;0,466278892;70;1;2;2;074;074
498640;2;-1;2;3;1;-1;-1;-1;-1;-1;-1;69;1;2;2;;
499053;1;-1;1;3;4;-1;-1;-1;-1;-1;-1;76;1;2;2;;
499053;2;-1;2;3;1;-1;-1;-1;-1;-1;-1;73;1;2;2;;
499150;1;1;2;3;1;1100;1115;1;5;24;0,71640424;60;1;2;2;074;074
499150;1;2;2;3;1;1200;1215;5;1;24;0,71640424;60;1;2;2;074;074
499150;2;1;1;3;5;1100;1115;1;5;24;0,71640424;61;1;2;2;074;074
499150;2;2;1;3;5;1200;1215;5;1;24;0,71640424;61;1;2;2;074;074
499335;1;1;1;3;4;1400;1445;1;8;1;14,30741918;61;1;2;2;079;074
499335;1;2;1;3;4;2000;2040;8;1;1;14,30741918;61;1;2;2;074;079
499335;2;1;2;8;4;1400;1445;1;8;1;14,30741918;61;1;2;2;079;074
499335;2;2;2;8;4;2000;2040;8;1;1;14,30741918;61;1;2;2;074;079
500040;1;1;2;8;1;1100;1120;1;10;24;2,076041996;77;1;2;2;074;074
500040;1;2;2;8;1;1155;1230;10;1;24;2,076041996;77;1;2;2;074;074
500040;1;3;2;8;1;1800;1815;1;8;24;0,730687839;77;1;2;2;074;074
500040;1;4;2;8;1;2015;2030;8;1;24;0,730687839;77;1;2;2;074;074
500040;2;1;1;3;4;1000;1015;1;5;11;0,813514769;82;1;2;2;074;074
500040;2;2;1;3;4;1300;1315;5;1;11;0,813514769;82;1;2;2;074;074
500040;2;3;1;3;4;1700;1715;1;8;24;0,730687839;82;1;2;2;074;074
500040;2;4;1;3;4;2015;2030;8;1;24;0,730687839;82;1;2;2;074;074
500785;1;-1;1;4;4;-1;-1;-1;-1;-1;-1;47;2;3;3;;
500785;2;-1;2;3;1;-1;-1;-1;-1;-1;-1;77;2;3;3;;
500785;3;-1;1;3;4;-1;-1;-1;-1;-1;-1;75;2;3;3;;
501569;1;1;1;3;1;1200;1215;1;6;23;2,086027227;77;0;3;3;074;074
501569;1;2;1;3;1;1400;1415;6;1;23;2,086027227;77;0;3;3;074;074
501569;2;-1;2;3;1;-1;-1;-1;-1;-1;-1;99;0;3;3;;
501569;3;-1;2;3;1;-1;-1;-1;-1;-1;-1;46;0;3;3;;
501843;1;1;1;3;4;945;1000;1;6;11;2,108004526;71;1;2;2;074;074
501843;1;2;1;3;4;1200;1215;6;1;11;2,108004526;71;1;2;2;074;074
501843;2;1;2;3;4;945;1000;1;7;14;2,108004526;70;1;2;2;074;074
501843;2;2;2;3;4;1200;1215;7;1;14;2,108004526;70;1;2;2;074;074
504522;1;1;1;3;4;1200;1215;1;5;11;1,006953524;75;1;2;2;074;074
504522;1;2;1;3;4;1300;1315;5;1;11;1,006953524;75;1;2;2;074;074
504522;2;1;2;3;4;1200;1215;1;5;14;1,006953524;70;1;2;2;074;074
504522;2;2;2;3;4;1300;1315;5;1;14;1,006953524;70;1;2;2;074;074
505119;1;1;1;3;4;1200;1215;1;5;11;4,350070298;70;1;2;2;074;074
505119;1;2;1;3;4;1400;1415;5;1;11;4,350070298;70;1;2;2;074;074
505119;2;1;2;3;1;1200;1215;1;5;14;4,350070298;70;1;2;2;074;074
505119;2;2;2;3;1;1400;1415;5;1;14;4,350070298;70;1;2;2;074;074
506659;1;-1;1;3;4;-1;-1;-1;-1;-1;-1;74;1;2;2;;
506659;2;1;2;3;1;1200;1230;1;9;24;0,187698591;71;1;2;2;074;074
506659;2;2;2;3;1;1230;1300;9;1;24;0,187698591;71;1;2;2;074;074
508741;1;1;2;3;4;1500;1525;1;9;24;1,720320436;63;1;2;2;074;074
508741;1;2;2;3;4;1525;1600;9;1;24;1,720320436;63;1;2;2;074;074
508741;2;1;1;3;4;1100;1130;1;9;24;1,868443465;65;1;2;2;074;074
508741;2;2;1;3;4;1130;1200;9;1;24;1,868443465;65;1;2;2;074;074
509572;1;1;1;3;4;830;900;1;9;24;0;73;1;2;2;074;074
509572;1;2;1;3;4;1630;1730;1;9;24;0;73;1;2;2;074;074
509572;2;1;2;7;1;830;900;1;9;24;0;69;1;2;2;074;074
510682;1;-1;2;3;1;-1;-1;-1;-1;-1;-1;70;1;2;2;;
510682;2;-1;1;3;4;-1;-1;-1;-1;-1;-1;74;1;2;2;;
511649;1;1;1;3;4;1130;1140;1;5;24;0,925235525;66;1;2;2;074;074
511649;1;2;1;3;4;1330;1340;5;1;24;0,925235525;66;1;2;2;074;074
511649;2;1;2;3;1;1300;1345;1;9;24;0,055690515;67;1;2;2;074;074
511649;2;2;2;3;1;1345;1430;9;1;24;0,055690515;67;1;2;2;074;074
512447;1;-1;2;3;1;-1;-1;-1;-1;-1;-1;68;1;2;2;;
512447;2;1;1;3;4;1000;1020;1;10;11;2,562587552;69;1;2;2;074;074
512447;2;2;1;3;4;1320;1340;10;1;11;2,562587552;69;1;2;2;074;074
512447;2;3;1;3;4;1800;1830;1;9;24;0,649915757;69;1;2;2;074;074
512447;2;4;1;3;4;1830;1900;9;1;24;0,649915757;69;1;2;2;074;074
513221;1;-1;1;3;4;-1;-1;-1;-1;-1;-1;66;1;2;2;;
513221;2;-1;2;3;1;-1;-1;-1;-1;-1;-1;63;1;2;2;;
513524;1;-1;1;3;4;-1;-1;-1;-1;-1;-1;85;0;2;2;;
513524;2;-1;2;8;1;-1;-1;-1;-1;-1;-1;81;0;2;2;;
515682;1;1;2;3;1;1100;1115;1;9;24;0,554132437;69;1;2;2;074;074
515682;1;2;2;3;1;1200;1215;9;1;24;0,554132437;69;1;2;2;074;074
515682;1;3;2;3;1;1700;1710;1;9;24;0,554132437;69;1;2;2;074;074
515682;1;4;2;3;1;1800;1810;9;1;24;0,554132437;69;1;2;2;074;074
515682;2;1;1;6;4;1000;1010;1;4;24;0,505929811;70;1;2;2;074;074
515682;2;2;1;6;4;1300;1310;4;1;24;0,505929811;70;1;2;2;074;074
515682;2;3;1;6;4;1700;1715;1;9;24;0,554132437;70;1;2;2;074;074
515682;2;4;1;6;4;1800;1815;9;1;24;0,554132437;70;1;2;2;074;074
516240;1;1;2;7;1;1100;1115;1;5;24;0,704997087;54;2;2;2;074;074
516240;1;2;2;7;1;1200;1215;5;1;24;0,704997087;54;2;2;2;074;074
516240;2;1;1;4;4;1200;1230;1;10;11;3,302052072;54;2;2;2;065;074
516240;2;2;1;4;4;1800;1830;10;1;11;3,302052072;54;2;2;2;074;065
516951;1;1;2;4;1;1000;1010;1;5;14;2,212020672;46;1;3;3;074;074
516951;1;2;2;4;1;1100;1110;5;1;14;2,212020672;46;1;3;3;074;074
516951;2;1;1;3;4;1100;1130;1;9;24;0;79;1;3;3;074;074
516951;2;2;1;3;4;1900;1930;1;9;24;0;79;1;3;3;074;074
516951;3;-1;2;3;1;-1;-1;-1;-1;-1;-1;79;1;3;3;;
518707;1;1;1;3;4;1300;1310;7;7;24;0,141538015;67;1;2;2;074;074
518707;1;2;1;3;4;1350;1400;7;1;24;0,141538015;67;1;2;2;074;074
518707;1;3;1;3;4;1800;1830;1;1;24;0;67;1;2;2;074;074
518707;2;1;2;3;1;1300;1310;1;6;24;0,141538015;58;1;2;2;074;074
518707;2;2;2;3;1;1350;1400;6;1;24;0,141538015;58;1;2;2;074;074
518707;2;3;2;3;1;1800;1830;1;1;24;0;58;1;2;2;074;074
524719;1;1;1;3;4;1100;1130;1;5;2;2,078621769;68;1;2;2;074;074
524719;1;2;1;3;4;1300;1330;5;1;2;2,078621769;68;1;2;2;074;074
524719;2;1;2;3;4;1100;1130;1;5;2;2,078621769;64;1;2;2;074;074
524719;2;2;2;3;4;1300;1330;5;1;2;2,078621769;64;1;2;2;074;074
530558;1;1;1;3;1;1130;1140;1;5;24;0,508999369;77;0;2;2;074;074
530558;1;2;1;3;1;1215;1230;5;1;24;0,508999369;77;0;2;2;074;074
530558;1;3;1;3;1;1230;1240;1;9;24;0;77;0;2;2;074;074
530558;1;4;1;3;1;1415;1425;1;9;24;0;77;0;2;2;074;074
530558;2;1;2;3;4;1730;1740;1;9;24;0;75;0;2;2;074;074
530558;2;2;2;3;4;1830;1840;9;9;24;0;75;0;2;2;074;074
534418;1;1;1;3;5;1000;1045;1;8;11;8,364936215;67;2;3;3;007;074
534418;1;2;1;3;5;1400;1445;8;1;11;8,364936215;67;2;3;3;074;007
534418;1;3;1;3;5;1830;1835;1;9;24;0,285429998;67;2;3;3;074;074
534418;1;5;1;3;5;1835;1905;9;1;24;0,285429998;67;2;3;3;074;074
534418;2;1;2;8;4;1000;1045;1;8;14;8,364936215;60;2;3;3;007;074
534418;2;2;2;8;4;1400;1445;8;1;14;8,364936215;60;2;3;3;074;007
534418;2;3;2;8;4;1800;1835;1;9;24;0,285429998;60;2;3;3;074;074
534418;2;4;2;8;4;1835;1905;9;1;24;0,285429998;60;2;3;3;074;074
534418;3;1;2;6;4;1000;1045;1;8;14;8,364936215;26;2;3;3;007;074
534418;3;2;2;6;4;1400;1445;8;1;14;8,364936215;26;2;3;3;074;007
534418;3;3;2;6;4;1800;1835;1;9;24;0,285429998;26;2;3;3;074;074
534418;3;4;2;6;4;1835;1905;9;1;24;0,285429998;26;2;3;3;074;074
555608;1;-1;1;3;4;-1;-1;-1;-1;-1;-1;82;0;2;2;;
555608;2;1;2;3;1;1030;1040;1;5;24;0,108761987;81;0;2;2;074;074
555608;2;2;2;3;1;1050;1100;5;1;24;0,108761987;81;0;2;2;074;074
557229;1;1;1;3;4;1200;1300;1;8;24;0,340081462;57;1;2;2;074;074
557229;1;2;1;3;4;1300;1400;8;1;24;0,340081462;57;1;2;2;074;074
557229;2;1;2;3;1;1000;1015;1;5;24;0,174694595;57;1;2;2;074;074
557229;2;2;2;3;1;1100;1130;5;1;24;0,174694595;57;1;2;2;074;074
558383;1;1;1;3;4;730;800;1;9;24;0,396012729;68;1;2;2;074;074
558383;1;2;1;3;4;800;830;9;1;24;0,396012729;68;1;2;2;074;074
558383;1;3;1;3;4;915;930;1;9;11;1,642726595;68;1;2;2;074;074
558383;1;4;1;3;4;1100;1115;9;1;11;1,642726595;68;1;2;2;074;074
558383;1;5;1;3;4;1700;1705;1;10;11;4,583470061;68;1;2;2;079;074
558383;1;6;1;3;4;1800;1815;10;1;11;4,583470061;68;1;2;2;074;079
558383;2;1;2;3;1;730;800;1;9;24;0,396012729;65;1;2;2;074;074
558383;2;2;2;3;1;800;830;9;1;24;0,396012729;65;1;2;2;074;074
558383;2;3;2;3;1;915;930;1;9;14;1,642726595;65;1;2;2;074;074
558383;2;4;2;3;1;1100;1115;9;1;14;1,642726595;65;1;2;2;074;074
560360;1;1;2;3;1;1200;1215;1;5;24;0,518698117;84;0;2;2;074;074
560360;1;2;2;3;1;1400;1415;5;1;24;0,518698117;84;0;2;2;074;074
560360;2;1;2;4;4;1100;1105;1;5;24;0,07812489;50;0;2;2;074;074
560360;2;2;2;4;4;1110;1115;5;1;24;0,07812489;50;0;2;2;074;074
560360;2;3;2;4;4;1200;1215;1;5;24;0,518698117;50;0;2;2;074;074
560360;2;4;2;4;4;1400;1415;5;1;24;0,518698117;50;0;2;2;074;074
562398;1;1;1;4;4;2000;2200;1;9;24;0,802264021;49;0;2;2;074;074
562398;1;2;1;4;4;2200;2345;8;1;24;0,802264021;49;0;2;2;074;074
562398;2;1;2;3;4;1100;1230;1;9;24;0,802264021;74;0;2;2;074;074
562398;2;2;2;3;4;1230;1400;9;1;24;0,802264021;74;0;2;2;074;074
562688;1;-1;1;3;4;-1;-1;-1;-1;-1;-1;75;1;2;2;;
562688;2;-1;2;8;1;-1;-1;-1;-1;-1;-1;71;1;2;2;;
564146;1;-1;1;3;1;-1;-1;-1;-1;-1;-1;83;0;2;2;;
564146;2;-1;2;3;1;-1;-1;-1;-1;-1;-1;77;0;2;2;;
567397;1;1;1;3;5;1000;1200;1;1;24;0;75;1;2;2;074;074
567397;2;-1;2;3;4;-1;-1;-1;-1;-1;-1;70;1;2;2;;
567556;1;-1;2;3;1;-1;-1;-1;-1;-1;-1;70;0;2;2;;
567556;2;1;1;3;4;1100;1115;1;10;2;1,667484494;71;0;2;2;065;074
567556;2;2;1;3;4;1400;1415;10;1;2;1,667484494;71;0;2;2;074;065
567556;2;3;1;3;4;1730;1745;1;5;2;1,965102721;71;0;2;2;074;074
567556;2;4;1;3;4;2000;2015;5;1;2;1,965102721;71;0;2;2;074;074
567849;1;1;1;3;4;1020;1040;1;10;1;2,562632971;70;1;2;2;074;074
567849;1;2;1;3;4;1045;1055;10;7;24;0,350808754;70;1;2;2;074;074
567849;1;3;1;3;4;1130;1210;10;1;4;2,597480051;70;1;2;2;074;074
567849;1;4;1;3;4;1700;1800;1;9;24;1,200951036;70;1;2;2;074;074
567849;1;5;1;3;4;1800;1900;9;1;24;1,200951036;70;1;2;2;074;074
567849;2;1;2;8;1;1100;1110;1;5;24;0,407553677;69;1;2;2;074;074
567849;2;2;2;8;1;1200;1210;5;1;24;0,407553677;69;1;2;2;074;074
567849;2;3;2;8;1;1645;1655;1;5;24;1,200951036;69;1;2;2;074;074
567849;2;4;2;8;1;1800;1810;5;1;24;1,200951036;69;1;2;2;074;074
567849;2;5;2;8;1;1830;1840;1;9;24;0,14744434;69;1;2;2;074;074
567849;2;6;2;8;1;1945;1955;9;1;24;0,14744434;69;1;2;2;074;074
568685;1;1;1;3;1;1100;1115;1;8;24;0,842343579;79;0;3;3;074;074
568685;1;2;1;3;1;1330;1345;8;1;24;0,842343579;79;0;3;3;074;074
568685;1;5;1;3;1;1730;1745;1;8;24;0,351925803;79;0;3;3;074;074
568685;1;6;1;3;1;1900;1915;8;1;24;0,351925803;79;0;3;3;074;074
568685;2;1;2;3;1;1200;1300;1;9;24;0,437686004;78;0;3;3;074;074
568685;2;2;2;3;1;1300;1330;8;1;24;0,437686004;78;0;3;3;074;074
568685;3;1;1;9;1;1730;1745;1;8;24;0,351925803;52;0;3;3;074;074
568685;3;2;1;9;1;1900;1915;8;1;24;0,351925803;52;0;3;3;074;074
568760;1;1;1;3;1;1100;1200;1;8;24;0,730379274;72;0;2;2;074;074
568760;1;2;1;3;1;1200;1300;8;1;24;0,730379274;72;0;2;2;074;074
568760;1;3;1;3;1;1900;2000;1;8;24;0,730379274;72;0;2;2;074;074
568760;1;4;1;3;1;2000;2100;8;1;24;0,730379274;72;0;2;2;074;074
568760;2;1;2;3;1;920;930;1;8;24;0,359864803;69;0;2;2;074;074
568760;2;2;2;3;1;1030;1115;8;5;24;0,305580673;69;0;2;2;074;074
568760;2;3;2;3;1;1115;1200;5;1;24;0,596143519;69;0;2;2;074;074
568760;2;4;2;3;1;1900;2015;1;8;24;0,596143519;69;0;2;2;074;074
568760;2;5;2;3;1;2015;2100;8;1;24;0,596143519;69;0;2;2;074;074
569311;1;1;2;8;4;1200;1215;1;5;14;1,036810917;59;1;2;2;074;074
569311;1;2;2;8;4;1315;1330;5;1;14;1,036810917;59;1;2;2;074;074
569311;2;1;1;3;4;1200;1215;1;5;11;1,036810917;62;1;2;2;074;074
569311;2;2;1;3;4;1315;1330;5;1;11;1,036810917;62;1;2;2;074;074
569311;2;3;1;3;4;1800;1820;1;10;11;3,46398532;62;1;2;2;065;074
569311;2;4;1;3;4;2100;2120;10;1;11;3,46398532;62;1;2;2;074;065
569549;1;1;1;3;4;830;850;1;7;11;1,129353459;66;1;2;2;074;074
569549;1;2;1;3;4;900;920;7;1;12;1,129353459;66;1;2;2;074;074
569549;1;3;1;3;4;1800;1830;1;9;24;1,665336777;66;1;2;2;074;074
569549;1;4;1;3;4;2030;2100;9;1;24;1,665336777;66;1;2;2;074;074
569549;2;1;2;8;1;1000;1015;1;5;24;0,129542939;66;1;2;2;074;074
569549;2;2;2;8;1;1130;1145;5;1;24;0,129542939;66;1;2;2;074;074
569701;1;1;1;3;4;1700;1710;1;5;11;5,04914866;57;2;3;3;065;074
569701;1;2;1;3;4;1800;1810;5;1;11;5,04914866;57;2;3;3;074;065
569701;2;1;2;8;4;1030;1040;1;6;11;1,31488916;58;2;3;3;074;074
569701;2;2;2;8;4;1130;1140;6;1;11;1,31488916;58;2;3;3;074;074
569701;3;-1;2;4;1;-1;-1;-1;-1;-1;-1;28;2;3;3;;
569800;1;1;1;3;4;1744;1800;1;8;24;0,921738744;75;0;2;2;074;074
569800;1;2;1;3;4;1844;1900;8;1;24;0,921738744;75;0;2;2;074;074
569800;2;1;2;3;1;1900;1930;1;5;24;0,721060352;72;0;2;2;074;074
569800;2;2;2;3;1;1930;2000;5;1;24;0,721060352;72;0;2;2;074;074
570007;1;1;2;8;4;1030;1100;1;10;24;0,737012577;61;1;2;2;074;074
570007;1;2;2;8;4;1330;1400;10;1;24;0,737012577;61;1;2;2;074;074
570007;1;3;2;8;4;1700;1730;1;10;24;1,476475267;61;1;2;2;074;074
570007;1;4;2;8;4;1930;2000;10;1;24;1,476475267;61;1;2;2;074;074
570007;1;5;2;8;4;2010;2030;1;1;24;0;61;1;2;2;074;074
570007;2;1;1;3;4;900;1000;1;9;24;10,34351861;67;1;2;2;079;074
570007;2;2;1;3;4;1000;1030;9;1;24;10,34351861;67;1;2;2;074;079
570007;2;3;1;3;4;1330;1400;1;9;24;0;67;1;2;2;074;074
570007;2;4;1;3;4;1900;1920;1;10;24;1,476475267;67;1;2;2;074;074
570007;2;5;1;3;4;2000;2030;7;1;24;1,476475267;67;1;2;2;074;074
570168;1;1;1;3;1;1000;1100;1;5;24;0,549100784;85;0;2;2;074;074
570168;1;2;1;3;1;1100;1200;5;1;24;0,549100784;85;0;2;2;074;074
570168;2;-1;2;3;1;-1;-1;-1;-1;-1;-1;78;0;2;2;;
571130;1;1;2;8;1;1008;1015;1;5;2;0,496821186;75;0;2;2;074;074
571130;1;2;2;8;1;1130;1145;5;1;24;0,496821186;75;0;2;2;074;074
571130;2;1;1;3;1;1008;1015;1;5;2;0,496821186;81;0;2;2;074;074
571130;2;2;1;3;1;1115;1145;5;1;24;0,496821186;81;0;2;2;074;074
571569;1;1;1;3;4;1100;1130;1;1;24;0;84;0;2;2;074;074
571569;2;1;2;3;4;1015;1020;1;5;24;0,092306756;71;0;2;2;074;074
571569;2;2;2;3;4;1045;1050;5;1;24;0,092306756;71;0;2;2;074;074
571569;2;3;2;3;4;1130;1200;1;1;24;0;71;0;2;2;074;074
571569;2;4;2;3;4;1800;1830;1;1;24;0;71;0;2;2;074;074
571586;1;1;1;3;4;1700;1800;1;8;24;0,302589552;78;0;2;2;074;074
571586;1;2;1;3;4;1800;1900;8;1;24;0,302589552;78;0;2;2;074;074
571586;2;1;2;3;1;1700;1830;1;7;24;0,302589552;77;0;2;2;074;074
571586;2;2;2;3;1;1830;1900;7;1;24;0,302589552;77;0;2;2;074;074
573389;1;1;2;3;1;1030;1045;1;5;24;0,909160842;70;0;2;2;074;074
573389;1;2;2;3;1;1230;1245;5;1;24;0,909160842;70;0;2;2;074;074
573389;2;-1;1;3;4;-1;-1;-1;-1;-1;-1;71;0;2;2;;
574887;1;1;2;3;1;950;1000;1;6;15;1,283974943;82;1;2;2;074;074
574887;1;2;2;3;1;1820;1830;6;1;15;1,283974943;82;1;2;2;074;074
574887;2;1;1;3;4;1030;1200;1;5;24;0,686075632;84;1;2;2;074;074
574887;2;2;1;3;4;1200;1300;5;1;24;0,686075632;84;1;2;2;074;074
574887;2;3;1;3;4;1800;1830;1;9;24;0;84;1;2;2;074;074
575223;1;1;1;3;4;1000;1045;1;9;24;1,837347073;68;1;2;2;074;074
575223;1;2;1;3;4;1130;1215;9;1;24;1,837347073;68;1;2;2;074;074
575223;1;3;1;3;4;1600;1630;1;9;24;1,512163552;68;1;2;2;074;074
575223;1;4;1;3;4;1730;1800;9;1;24;1,512163552;68;1;2;2;074;074
575223;2;1;2;8;1;1600;1630;1;9;24;1,512163552;66;1;2;2;074;074
575223;2;2;2;8;1;1730;1800;9;1;24;1,512163552;66;1;2;2;074;074
577015;1;1;2;3;1;1100;1110;1;5;24;0,367755309;66;1;2;2;074;074
577015;1;2;2;3;1;1200;1215;5;1;24;0,367755309;66;1;2;2;074;074
577015;1;3;2;3;1;1800;1830;1;9;24;0,391113771;66;1;2;2;074;074
577015;1;4;2;3;1;1830;1900;1;9;24;0,391113771;66;1;2;2;074;074
577015;2;1;1;3;4;1000;1040;1;9;24;0,578680477;69;1;2;2;074;074
577015;2;2;1;3;4;1040;1130;9;1;24;0,578680477;69;1;2;2;074;074
577015;2;3;1;3;4;1800;1830;1;9;24;0,391113771;69;1;2;2;074;074
577015;2;4;1;3;4;1830;1900;9;1;24;0,391113771;69;1;2;2;074;074
577020;1;1;2;3;1;1030;1040;1;5;14;1,435693763;71;1;2;2;074;074
577020;1;2;2;3;1;1115;1130;5;1;14;1,435693763;71;1;2;2;074;074
577020;1;3;2;3;1;1800;1830;1;10;14;6,184161804;71;1;2;2;058;074
577020;1;4;2;3;1;2000;2030;10;1;14;6,184161804;71;1;2;2;074;058
577020;2;1;1;3;4;1030;1040;1;5;11;1,435693763;72;1;2;2;074;074
577020;2;2;1;3;4;1115;1130;5;1;11;1,435693763;72;1;2;2;074;074
577020;2;3;1;3;4;1800;1830;1;10;11;6,184161804;72;1;2;2;058;074
577020;2;4;1;3;4;2000;2030;10;1;11;6,184161804;72;1;2;2;074;058
577618;1;1;1;3;4;1600;1620;1;8;11;6,789184261;75;1;2;2;079;074
577618;1;2;1;3;4;1830;1900;8;1;11;6,789184261;75;1;2;2;074;079
577618;2;1;2;7;1;1600;1620;1;8;14;6,789184261;74;1;2;2;079;074
577618;2;2;2;7;1;1830;1900;8;1;14;6,789184261;74;1;2;2;074;079
578194;1;1;1;3;4;1100;1130;1;5;24;0,488871237;72;1;2;2;074;074
578194;1;2;1;3;4;1145;1200;5;1;24;0,488871237;72;1;2;2;074;074
578194;1;3;1;3;4;1800;1820;1;10;11;3,773945552;72;1;2;2;065;074
578194;1;4;1;3;4;2115;2140;10;1;11;3,773945552;72;1;2;2;074;065
578194;2;1;2;3;1;1800;1820;1;10;14;3,773945552;67;1;2;2;065;074
578194;2;2;2;3;1;2115;2145;10;1;14;3,773945552;67;1;2;2;074;065
578214;1;1;1;3;4;1000;1040;1;8;24;0,079622419;75;1;2;2;074;074
578214;1;2;1;3;4;1150;1200;8;1;24;0,079622419;75;1;2;2;074;074
578214;1;3;1;3;4;1850;1935;1;9;24;0;75;1;2;2;074;074
578214;2;1;2;3;1;1230;1240;1;9;2;0,843088362;71;1;2;2;074;074
578214;2;2;2;3;1;1400;1410;9;1;2;0,843088362;71;1;2;2;074;074
578214;2;3;2;3;1;1700;1900;1;9;24;0;71;1;2;2;074;074
578679;1;1;1;3;1;1030;1115;1;6;24;0,684147044;77;0;2;2;074;074
578679;1;2;1;3;1;1400;1510;6;1;24;0,684147044;77;0;2;2;074;074
578679;2;1;2;8;1;1030;1115;1;7;24;0,684147044;75;0;2;2;074;074
578679;2;2;2;8;1;1400;1515;7;1;24;0,684147044;75;0;2;2;074;074
578736;1;1;1;4;4;1000;1020;1;1;24;0;42;1;3;3;074;074
578736;1;2;1;4;4;1130;1145;1;10;11;8,244840427;42;1;3;3;092;074
578736;1;3;1;4;4;1500;1515;10;1;11;8,244840427;42;1;3;3;074;092
578736;1;4;1;4;4;1515;1545;1;10;1;10,30883662;42;1;3;3;079;074
578736;1;5;1;4;4;1730;1815;10;1;1;10,30883662;42;1;3;3;074;079
578736;2;1;1;4;4;900;1030;1;10;1;17,49586313;58;1;3;3;079;074
578736;2;2;1;4;4;1400;1530;10;1;1;17,49586313;58;1;3;3;074;079
578736;2;3;1;4;4;1830;1845;1;6;24;0,484034261;58;1;3;3;074;074
578736;2;4;1;4;4;1915;2000;6;9;24;0,162397035;58;1;3;3;074;074
578736;2;5;1;4;4;2000;2100;9;1;24;0,585276177;58;1;3;3;074;074
578736;3;1;2;3;1;1509;1515;1;6;14;0,484034261;77;1;3;3;074;074
578736;3;2;2;3;1;1609;1615;6;1;14;0,484034261;77;1;3;3;074;074
579162;1;1;1;3;4;1000;1020;1;10;24;0,417595772;71;0;2;2;074;074
579162;1;2;1;3;4;1025;1200;10;5;24;0,247312141;71;0;2;2;074;074
579162;1;3;1;3;4;1200;1300;5;1;24;0,531781989;71;0;2;2;074;074
579162;1;4;1;3;4;1300;1315;1;9;24;0;71;0;2;2;074;074
579162;1;5;1;3;4;1655;1710;1;9;24;0;71;0;2;2;074;074
579162;2;1;2;3;4;1014;1020;1;10;4;0,417595772;64;0;2;2;074;074
579162;2;2;2;3;4;1025;1200;10;5;24;0,175563663;64;0;2;2;074;074
579162;2;3;2;3;4;1200;1300;5;1;24;0,487829929;64;0;2;2;074;074
579162;2;4;2;3;4;1300;1315;1;9;24;0;64;0;2;2;074;074
579162;2;5;2;3;4;1655;1715;1;9;24;0;64;0;2;2;074;074
579987;1;1;2;7;4;1200;1220;1;1;24;0;62;0;2;2;074;074
579987;1;2;2;7;4;1938;1945;1;7;24;0,51688163;62;0;2;2;074;074
579987;1;3;2;7;4;2023;2030;7;1;24;0,51688163;62;0;2;2;074;074
579987;2;-1;2;3;1;-1;-1;-1;-1;-1;-1;88;0;2;2;;
580535;1;-1;2;4;1;-1;-1;-1;-1;-1;-1;48;0;2;2;;
580535;2;-1;2;3;1;-1;-1;-1;-1;-1;-1;91;0;2;2;;
581632;1;-1;2;3;1;-1;-1;-1;-1;-1;-1;89;0;2;2;;
581632;2;-1;1;3;4;-1;-1;-1;-1;-1;-1;91;0;2;2;;
582521;1;1;1;3;4;1000;1030;1;10;2;6,163838468;71;1;2;2;079;074
582521;1;2;1;3;4;1200;1230;10;1;2;6,163838468;71;1;2;2;074;079
582521;1;3;1;3;4;1700;1730;1;9;24;0,354044936;71;1;2;2;074;074
582521;1;4;1;3;4;1800;1830;9;1;24;0,354044936;71;1;2;2;074;074
582521;2;1;2;3;1;1000;1030;1;10;2;6,163838468;71;1;2;2;079;074
582521;2;2;2;3;1;1200;1230;10;1;2;6,163838468;71;1;2;2;074;079
582521;2;3;2;3;1;1700;1730;1;9;24;0,354044936;71;1;2;2;074;074
582521;2;4;2;3;1;1800;1830;9;1;24;0,354044936;71;1;2;2;074;074
582830;1;1;1;3;4;1030;1045;1;6;11;2,451430257;76;1;2;2;074;074
582830;1;2;1;3;4;1130;1145;6;1;11;2,451430257;76;1;2;2;074;074
582830;2;1;2;8;4;1030;1045;1;7;14;2,451430257;73;1;2;2;074;074
582830;2;2;2;8;4;1130;1145;7;1;14;2,451430257;73;1;2;2;074;074
582830;2;3;2;8;4;1200;1205;1;5;11;0,566548422;73;1;2;2;074;074
582830;2;4;2;8;4;1240;1245;5;1;11;0,566548422;73;1;2;2;074;074
583171;1;1;1;3;1;730;800;1;9;24;0,775819805;66;1;2;2;074;074
583171;1;2;1;3;1;800;830;9;1;24;0,775819805;66;1;2;2;074;074
583171;1;3;1;3;1;840;900;1;8;24;1,576503518;66;1;2;2;074;074
583171;1;4;1;3;1;1230;1245;8;1;2;1,576503518;66;1;2;2;074;074
583171;1;5;1;3;1;1600;1615;1;9;24;0,458507147;66;1;2;2;074;074
583171;1;6;1;3;1;1830;1845;8;1;24;0,458507147;66;1;2;2;074;074
583171;1;7;1;3;1;2100;2130;1;7;24;1,514626267;66;1;2;2;074;074
583171;1;8;1;3;1;2130;2200;10;1;24;1,514626267;66;1;2;2;074;074
583171;2;1;2;8;4;830;915;1;10;1;14,27849333;59;1;2;2;079;074
583171;2;2;2;8;4;1400;1445;10;1;1;14,27849333;59;1;2;2;074;079
583171;2;3;2;8;4;1630;1640;1;7;24;0,408306386;59;1;2;2;074;074
583171;2;4;2;8;4;1724;1730;10;5;11;0,439260549;59;1;2;2;074;074
583171;2;5;2;8;4;1840;1845;5;1;11;0,846212384;59;1;2;2;074;074
583171;2;6;2;8;4;1930;1945;1;10;24;0,411915661;59;1;2;2;074;074
583171;2;7;2;8;4;1945;2015;10;7;24;0,510223616;59;1;2;2;074;074
583171;2;8;2;8;4;2015;2100;7;1;24;0,775819805;59;1;2;2;074;074
583171;2;9;2;8;4;2100;2130;1;7;24;1,514626267;59;1;2;2;074;074
583171;2;10;2;8;4;2130;2145;10;1;24;1,514626267;59;1;2;2;074;074
583643;1;1;1;3;4;1000;1030;1;5;24;1,01444281;69;1;2;2;074;074
583643;1;2;1;3;4;1230;1300;5;1;24;1,01444281;69;1;2;2;074;074
583643;1;3;1;3;4;1800;1810;1;7;14;1,396375861;69;1;2;2;074;074
583643;1;4;1;3;4;1950;2000;7;1;14;1,396375861;69;1;2;2;074;074
583643;2;1;2;3;1;1000;1030;1;9;24;1,149442708;68;1;2;2;074;074
583643;2;2;2;3;1;1100;1130;9;1;24;1,149442708;68;1;2;2;074;074
584025;1;1;2;8;4;1000;1010;1;5;24;0,398958958;59;1;2;2;074;074
584025;1;2;2;8;4;1130;1140;5;1;24;0,398958958;59;1;2;2;074;074
584025;1;3;2;8;4;1700;1745;1;9;24;0,609058056;59;1;2;2;074;074
584025;1;4;2;8;4;1800;1845;9;1;24;0,609058056;59;1;2;2;074;074
584025;2;1;1;4;4;1030;1130;1;9;20;1,87398729;63;1;2;2;074;074
584025;2;2;1;4;4;1130;1230;9;1;20;1,87398729;63;1;2;2;074;074
584707;1;1;2;3;1;1000;1010;1;9;24;0,30409554;81;1;2;2;074;074
584707;1;2;2;3;1;1200;1210;9;1;24;0,30409554;81;1;2;2;074;074
584707;2;1;1;3;4;1000;1050;1;10;1;10,79008965;77;1;2;2;079;074
584707;2;2;1;3;4;1200;1300;10;1;1;10,79008965;77;1;2;2;074;079
584707;2;3;1;3;4;1700;1800;1;8;1;10,79008965;77;1;2;2;079;074
584707;2;4;1;3;4;1930;2015;8;1;1;10,79008965;77;1;2;2;074;079
586246;1;1;2;3;4;1000;1030;1;5;24;0,459016517;69;1;2;2;074;074
586246;1;2;2;3;4;1030;1045;5;1;24;0,459016517;69;1;2;2;074;074
586246;2;1;1;6;1;830;845;1;4;2;1,417772441;58;1;2;2;074;074
586246;2;2;1;6;1;1445;1500;4;1;2;1,417772441;58;1;2;2;074;074
587850;1;1;1;3;4;900;910;1;10;11;2,136580242;65;1;2;2;074;074
587850;1;2;1;3;4;1500;1510;10;1;11;2,136580242;65;1;2;2;074;074
587850;2;1;2;8;1;900;910;1;10;14;2,136580242;62;1;2;2;074;074
587850;2;2;2;8;1;1500;1510;10;1;14;2,136580242;62;1;2;2;074;074
588939;1;-1;2;3;1;-1;-1;-1;-1;-1;-1;73;0;2;2;;
588939;2;1;1;3;1;1100;1105;1;5;24;0,128831635;79;0;2;2;074;074
588939;2;2;1;3;1;1120;1130;5;1;24;0,128831635;79;0;2;2;074;074
589869;1;1;1;3;1;1600;1615;1;6;24;0,637187159;66;0;3;3;074;074
589869;1;2;1;3;1;1650;1700;6;1;24;0,637187159;66;0;3;3;074;074
589869;2;1;2;8;1;1216;1220;1;5;24;0,181835234;67;0;3;3;074;074
589869;2;2;2;8;1;1310;1315;5;1;24;0,181835234;67;0;3;3;074;074
589869;3;1;2;4;1;1000;1015;1;9;24;0,761231429;29;0;3;3;074;074
589869;3;2;2;4;1;1209;1220;9;1;24;0,761231429;29;0;3;3;074;074
589869;3;3;2;4;1;1641;1720;1;5;24;3,40057562;29;0;3;3;074;074
589869;3;4;2;4;1;1941;2020;5;1;24;3,40057562;29;0;3;3;074;074
590761;1;1;1;4;1;1248;1300;1;9;24;0,546322602;61;0;2;2;074;074
590761;1;2;1;4;1;1310;1325;9;1;24;0,546322602;61;0;2;2;074;074
590761;2;1;2;8;1;1345;1400;1;7;14;15,51573723;58;0;2;2;079;074
590761;2;2;2;8;1;1400;1415;7;1;14;15,51573723;58;0;2;2;074;079
592408;1;1;2;3;4;1400;1430;1;9;24;2,056632043;69;1;2;2;074;074
592408;1;2;2;3;4;1430;1500;9;1;24;2,056632043;69;1;2;2;074;074
592408;2;-1;2;3;1;-1;-1;-1;-1;-1;-1;96;1;2;2;;
593528;1;1;1;3;4;1230;1240;1;5;24;0,283429268;74;1;2;2;074;074
593528;1;2;1;3;4;1250;1300;5;1;24;0,283429268;74;1;2;2;074;074
593528;2;-1;2;3;1;-1;-1;-1;-1;-1;-1;70;1;2;2;;
593668;1;1;1;3;4;1000;1130;1;9;24;1,243815089;70;1;2;2;074;074
593668;1;2;1;3;4;1130;1300;9;1;24;1,243815089;70;1;2;2;074;074
593668;2;1;2;3;1;1000;1045;1;7;24;1,243815089;75;1;2;2;074;074
593668;2;2;2;3;1;1045;1130;7;1;24;1,243815089;75;1;2;2;074;074
593668;2;3;2;3;1;1800;1900;1;7;24;1,243815089;75;1;2;2;074;074
593668;2;4;2;3;1;1900;2000;7;1;24;1,243815089;75;1;2;2;074;074
594433;1;1;1;3;4;1800;1815;1;10;11;4,917177097;70;1;2;2;079;074
594433;1;2;1;3;4;2000;2020;10;1;11;4,917177097;70;1;2;2;074;079
594433;2;1;1;8;4;1800;1815;1;10;11;4,917177097;70;1;2;2;079;074
594433;2;2;1;8;4;2000;2020;10;1;11;4,917177097;70;1;2;2;074;079
594800;1;1;2;3;1;1000;1130;1;9;24;0,655713572;67;0;2;2;074;074
594800;1;2;2;3;1;1130;1300;9;1;24;0,655713572;67;0;2;2;074;074
594800;2;1;1;4;4;800;1000;1;10;24;0,792488297;34;0;2;2;074;074
594800;2;2;1;4;4;1000;1200;10;1;24;0,792488297;34;0;2;2;074;074
594800;2;3;1;4;4;1800;1900;1;8;1;5,44988838;34;0;2;2;058;074
594800;2;4;1;4;4;2230;2300;8;1;14;5,44988838;34;0;2;2;074;058
595087;1;1;1;3;5;1130;1200;1;5;24;1,34326938;64;0;2;2;074;074
595087;1;2;1;3;5;1310;1345;5;1;24;1,34326938;64;0;2;2;074;074
595087;1;3;1;3;5;1605;1645;1;7;2;3,238459967;64;0;2;2;074;074
595087;1;4;1;3;5;1705;1745;7;1;2;3,238459967;64;0;2;2;074;074
595087;2;1;2;4;4;1000;1045;1;6;2;3,964319911;61;0;2;2;079;074
595087;2;2;2;4;4;1400;1445;6;1;2;3,964319911;61;0;2;2;074;079
595087;2;3;2;4;4;1600;1645;1;7;2;3,238459967;61;0;2;2;074;074
595087;2;4;2;4;4;1715;1745;7;1;2;3,238459967;61;0;2;2;074;074
595328;1;1;1;3;4;1100;1115;1;5;24;0,323468251;69;1;2;2;074;074
595328;1;2;1;3;4;1145;1200;5;1;24;0,323468251;69;1;2;2;074;074
595328;1;3;1;3;4;1700;1730;1;6;11;19,29124912;69;1;2;2;079;074
595328;1;4;1;3;4;1930;2000;6;1;11;19,29124912;69;1;2;2;074;079
595328;2;-1;2;3;4;-1;-1;-1;-1;-1;-1;66;1;2;2;;
596328;1;1;2;8;4;1500;1700;12;1;14;151,6314463;53;1;3;3;074;022
596328;2;1;1;3;4;1500;1700;12;1;11;151,6314463;57;1;3;3;074;022
596328;3;1;1;5;4;1500;1700;12;1;14;151,6314463;35;1;3;3;074;022
596712;1;-1;1;3;1;-1;-1;-1;-1;-1;-1;83;0;2;2;;
596712;2;1;2;3;1;1100;1115;1;6;24;0,418285421;75;0;2;2;074;074
596712;2;2;2;3;1;1300;1315;6;1;24;0,418285421;75;0;2;2;074;074
596712;2;3;2;3;1;1800;1845;1;5;24;0,099501868;75;0;2;2;074;074
596712;2;4;2;3;1;1845;1915;5;1;24;0,099501868;75;0;2;2;074;074
597151;1;1;1;3;1;1046;1100;1;7;23;0,809845166;81;1;3;3;074;074
597151;1;2;1;3;1;1114;1130;7;1;23;0,809845166;81;1;3;3;074;074
597151;2;1;1;3;4;1100;1200;1;9;24;0,809845166;77;1;3;3;074;074
597151;2;2;1;3;4;1200;1300;9;1;24;0,809845166;77;1;3;3;074;074
597151;2;3;1;3;4;1800;1830;1;9;24;0,809845166;77;1;3;3;074;074
597151;2;4;1;3;4;1830;1900;9;1;24;0,809845166;77;1;3;3;074;074
597151;3;1;2;8;1;1140;1200;1;1;24;0;76;1;3;3;074;074
597151;3;2;2;8;1;1600;1610;1;10;24;0,146501747;76;1;3;3;074;074
597151;3;3;2;8;1;1730;1745;10;1;24;0,146501747;76;1;3;3;074;074
598951;1;1;1;3;4;800;845;1;7;11;27,67173417;68;1;2;2;113;074
598951;1;2;1;3;4;845;1400;7;9;11;0;68;1;2;2;113;113
598951;1;3;1;3;4;1400;1445;9;1;11;27,67173417;68;1;2;2;074;113
598951;1;4;1;3;4;1700;1800;1;7;24;0,096929182;68;1;2;2;074;074
598951;1;5;1;3;4;1800;1900;7;1;24;0,096929182;68;1;2;2;074;074
598951;2;-1;2;4;1;-1;-1;-1;-1;-1;-1;64;1;2;2;;
599260;1;1;1;3;1;1000;1030;1;9;24;1,117520899;74;0;2;2;074;074
599260;1;2;1;3;1;1030;1100;9;1;24;1,117520899;74;0;2;2;074;074
599260;2;1;2;3;1;1000;1030;1;9;24;1,117520899;74;0;2;2;074;074
599260;2;2;2;3;1;1030;1100;9;1;24;1,117520899;74;0;2;2;074;074
599260;2;3;2;3;1;1600;1630;1;10;24;1,788386287;74;0;2;2;074;074
599260;2;4;2;3;1;1630;1700;10;1;24;1,788386287;74;0;2;2;074;074
600164;1;1;1;3;4;1000;1020;1;1;24;0;75;1;2;2;074;074
600164;1;2;1;3;4;1830;1900;1;11;2;1,689583879;75;1;2;2;074;074
600164;1;3;1;3;4;2100;2120;11;1;14;1,689583879;75;1;2;2;074;074
600164;2;1;2;8;1;1100;1130;1;5;24;0,513324788;72;1;2;2;074;074
600164;2;2;2;8;1;1130;1200;5;1;24;0,513324788;72;1;2;2;074;074
600164;2;3;2;8;1;1900;1930;1;11;2;1,689583879;72;1;2;2;074;074
600164;2;4;2;8;1;2100;2120;11;1;14;1,689583879;72;1;2;2;074;074
600314;1;1;1;3;4;800;815;1;6;24;0,346877821;74;1;2;2;074;074
600314;1;2;1;3;4;845;900;6;8;24;0,284679717;74;1;2;2;074;074
600314;1;3;1;3;4;956;1000;8;5;24;0,215355209;74;1;2;2;074;074
600314;1;4;1;3;4;1116;1120;5;1;24;0,262171559;74;1;2;2;074;074
600314;1;5;1;3;4;1941;1945;1;9;24;0,277380297;74;1;2;2;074;074
600314;1;6;1;3;4;1945;2000;9;1;24;0,277380297;74;1;2;2;074;074
600314;2;1;2;8;1;805;815;1;6;24;0,346877821;74;1;2;2;074;074
600314;2;2;2;8;1;924;930;6;8;24;0,284679717;74;1;2;2;074;074
600314;2;3;2;8;1;1024;1030;8;5;24;0,215355209;74;1;2;2;074;074
600314;2;4;2;8;1;1139;1145;5;1;24;0,262171559;74;1;2;2;074;074
600314;2;5;2;8;1;1700;1730;1;6;24;0,751911202;74;1;2;2;074;074
600314;2;6;2;8;1;1800;1830;6;1;24;0,751911202;74;1;2;2;074;074
600314;2;7;2;8;1;1941;1945;1;9;24;0,277380297;74;1;2;2;074;074
600314;2;8;2;8;1;2026;2030;9;1;24;0,277380297;74;1;2;2;074;074
601394;1;1;1;3;1;1515;1550;1;10;4;5,292620268;75;0;3;3;079;074
601394;1;2;1;3;1;1915;1930;10;1;4;5,292620268;75;0;3;3;074;079
601394;2;1;2;9;1;1030;1050;1;5;2;4,325346506;69;0;3;3;074;074
601394;2;2;2;9;1;1400;1420;5;1;2;4,325346506;69;0;3;3;074;074
601394;3;1;2;6;4;830;900;1;4;2;8,294415841;30;0;3;3;092;074
601394;3;2;2;6;4;1721;1800;4;10;4;2,195408708;30;0;3;3;092;092
601394;3;3;2;6;4;2000;2130;10;1;1;9,384093788;30;0;3;3;074;092
602584;1;1;1;3;4;1130;1145;1;8;24;0,256992131;76;0;2;2;074;074
602584;1;2;1;3;4;1345;1400;8;1;24;0,256992131;76;0;2;2;074;074
602584;2;1;2;3;1;959;1010;1;6;2;0,796138916;73;0;2;2;074;074
602584;2;2;2;3;1;1349;1400;6;1;2;0,796138916;73;0;2;2;074;074
603826;1;1;1;3;4;1000;1030;1;9;24;0,792551231;76;1;2;2;074;074
603826;1;2;1;3;4;1030;1100;9;1;24;0,792551231;76;1;2;2;074;074
603826;1;3;1;3;4;1330;1340;1;10;24;0,337102248;76;1;2;2;074;074
603826;1;4;1;3;4;1350;1400;7;1;24;0,337102248;76;1;2;2;074;074
603826;2;1;2;8;1;1100;1130;1;9;24;0,792551231;72;1;2;2;074;074
603826;2;2;2;8;1;1130;1200;9;1;24;0,792551231;72;1;2;2;074;074
603940;1;1;1;3;4;1130;1200;1;5;24;0,758430586;77;1;2;2;074;074
603940;1;2;1;3;4;1240;1310;5;1;24;0,758430586;77;1;2;2;074;074
603940;2;1;2;3;4;1130;1200;1;5;24;0,758430586;70;1;2;2;074;074
603940;2;2;2;3;4;1240;1310;5;1;24;0,758430586;70;1;2;2;074;074
604601;1;1;2;3;1;1200;1220;1;9;2;1,78407336;71;0;2;2;074;074
604601;1;2;2;3;1;1330;1400;9;1;2;1,78407336;71;0;2;2;074;074
604601;1;3;2;3;1;1615;1645;1;11;2;2,968206281;71;0;2;2;074;074
604601;1;4;2;3;1;1900;1930;11;1;2;2,968206281;71;0;2;2;074;074
604601;2;1;1;3;1;1615;1645;1;11;2;2,968206281;69;0;2;2;074;074
604601;2;2;1;3;1;1900;1930;11;1;2;2,968206281;69;0;2;2;074;074
605572;1;1;1;3;4;1004;1010;1;5;24;0,124536217;79;1;2;2;074;074
605572;1;2;1;3;4;1204;1210;5;1;24;0,124536217;79;1;2;2;074;074
605572;2;1;2;3;1;1004;1010;1;5;24;0,124536217;78;1;2;2;074;074
605572;2;2;2;3;1;1204;1210;5;1;24;0,124536217;78;1;2;2;074;074
605997;1;1;1;3;4;900;1015;1;9;24;2,227575077;73;1;2;2;074;074
605997;1;2;1;3;4;1020;1135;9;1;24;2,227575077;73;1;2;2;074;074
605997;1;3;1;3;4;1800;1830;1;9;24;1,221867744;73;1;2;2;074;074
605997;1;4;1;3;4;1830;1900;9;1;24;1,221867744;73;1;2;2;074;074
605997;2;1;2;8;4;1730;1800;1;9;24;0,960575973;64;1;2;2;074;074
605997;2;2;2;8;4;1805;1835;9;1;24;0,960575973;64;1;2;2;074;074
606248;1;1;2;3;4;1742;1800;1;9;24;0,412823427;73;1;2;2;074;074
606248;1;2;2;3;4;1800;1805;9;1;24;0,412823427;73;1;2;2;074;074
606248;2;-1;1;9;1;-1;-1;-1;-1;-1;-1;36;1;2;2;;
607196;1;-1;2;3;1;-1;-1;-1;-1;-1;-1;78;1;2;2;;
607196;2;1;1;3;4;850;900;1;10;4;2,559530494;73;1;2;2;065;074
607196;2;2;1;3;4;1200;1215;10;1;4;2,559530494;73;1;2;2;074;065
607867;1;1;2;3;1;1700;1720;1;10;4;3,028766062;78;1;2;2;074;074
607867;1;2;2;3;1;1830;1900;10;1;4;3,028766062;78;1;2;2;074;074
607867;2;1;1;3;4;1700;1720;1;6;4;3,028766062;78;1;2;2;074;074
607867;2;2;1;3;4;1830;1900;6;1;4;3,028766062;78;1;2;2;074;074
607958;1;1;2;3;1;1030;1040;1;9;2;0,820382214;81;1;2;2;074;074
607958;1;2;2;3;1;1200;1230;9;1;24;0,820382214;81;1;2;2;074;074
607958;2;1;1;3;4;1030;1040;1;9;2;0,820382214;82;1;2;2;074;074
607958;2;2;1;3;4;1230;1240;9;1;2;0,820382214;82;1;2;2;074;074
608333;1;1;1;3;1;1120;1135;1;10;2;1,246075866;72;0;2;2;074;074
608333;1;2;1;3;1;1500;1515;10;1;2;1,246075866;72;0;2;2;074;074
608333;2;1;2;8;1;1120;1135;1;10;2;1,246075866;69;0;2;2;074;074
608333;2;2;2;8;1;1500;1515;10;1;2;1,246075866;69;0;2;2;074;074
608865;1;1;2;3;1;1000;1030;1;10;24;0,993668784;64;0;2;2;074;074
608865;1;2;2;3;1;1330;1400;10;1;24;0,993668784;64;0;2;2;074;074
608865;2;1;2;4;4;1000;1030;1;10;24;0,993668784;43;0;2;2;074;074
608865;2;2;2;4;4;1330;1400;10;1;24;0,993668784;43;0;2;2;074;074
608865;2;3;2;4;4;1800;1830;1;5;24;1,696874273;43;0;2;2;074;074
608865;2;4;2;4;4;2030;2100;5;1;24;1,696874273;43;0;2;2;074;074
609087;1;1;1;3;4;1000;1100;1;9;24;0,160162345;68;1;2;2;074;074
609087;1;2;1;3;4;1100;1200;9;1;24;0,160162345;68;1;2;2;074;074
609087;2;1;2;8;1;1200;1230;1;1;24;0;67;1;2;2;074;074
612746;1;-1;1;3;4;-1;-1;-1;-1;-1;-1;70;1;2;2;;
612746;2;1;2;3;1;1000;1100;1;5;24;0,460822202;68;1;2;2;074;074
612746;2;2;2;3;1;1109;1115;5;1;24;0,460822202;68;1;2;2;074;074
613592;1;1;1;3;4;1000;1030;1;1;24;0;74;0;2;2;074;074
613592;1;2;1;3;4;1530;1600;1;1;24;0;74;0;2;2;074;074
613592;1;3;1;3;4;2000;2030;1;1;24;0;74;0;2;2;074;074
613592;2;1;2;3;1;1000;1020;1;5;24;0,641234847;66;0;2;2;074;074
613592;2;2;2;3;1;1130;1200;5;1;24;0,641234847;66;0;2;2;074;074
613619;1;1;2;3;4;1200;1230;1;9;24;2,996715503;69;0;2;2;074;074
613619;1;2;2;3;4;1415;1445;9;1;2;2,996715503;69;0;2;2;074;074
613619;2;-1;1;3;4;-1;-1;-1;-1;-1;-1;76;0;2;2;;
620775;1;1;1;3;4;1000;1005;1;5;24;0,158308835;70;1;2;2;074;074
620775;1;2;1;3;4;1015;1020;5;1;24;0,158308835;70;1;2;2;074;074
620775;1;3;1;3;4;1900;1910;1;5;11;2,622897518;70;1;2;2;065;074
620775;1;4;1;3;4;2000;2015;5;1;11;2,622897518;70;1;2;2;074;065
620775;2;1;2;3;4;1900;1910;1;5;14;2,622897518;69;1;2;2;065;074
620775;2;2;2;3;4;2000;2015;5;1;14;2,622897518;69;1;2;2;074;065
623486;1;1;2;9;4;1030;1050;1;10;11;2,184267467;57;1;2;2;074;074
623486;1;2;2;9;4;1310;1330;10;1;11;2,184267467;57;1;2;2;074;074
623486;2;-1;1;4;4;-1;-1;-1;-1;-1;-1;28;1;2;2;;
623514;1;1;1;3;4;1000;1020;1;10;2;2,009077995;78;1;2;2;074;074
623514;1;2;1;3;4;1100;1130;10;1;24;2,009077995;78;1;2;2;074;074
623514;1;3;1;3;4;1300;1330;1;7;24;0,761401587;78;1;2;2;074;074
623514;1;4;1;3;4;1330;1400;7;1;24;0,761401587;78;1;2;2;074;074
623514;1;5;1;3;4;1700;1720;1;1;24;0;78;1;2;2;074;074
623514;2;1;2;8;1;1300;1330;1;7;24;0,761401587;75;1;2;2;074;074
623514;2;2;2;8;1;1330;1400;7;1;24;0,761401587;75;1;2;2;074;074
2025470;1;1;2;3;4;1000;1010;1;6;14;0,577028853;67;2;2;2;074;074
2025470;1;2;2;3;4;1700;1710;6;1;14;0,577028853;67;2;2;2;074;074
2025470;2;1;1;3;4;1006;1010;1;7;11;0,577028853;68;2;2;2;074;074
2025470;2;2;1;3;4;1700;1710;7;1;11;0,577028853;68;2;2;2;074;074
2026039;1;1;2;3;4;937;1010;1;9;24;1,065723029;69;1;3;3;074;074
2026039;1;2;2;3;4;1010;1105;9;1;24;1,065723029;69;1;3;3;074;074
2026039;1;3;2;3;4;1200;1215;1;5;2;0,998317676;69;1;3;3;074;074
2026039;1;4;2;3;4;1250;1305;5;1;2;0,998317676;69;1;3;3;074;074
2026039;2;1;1;3;4;943;1010;1;9;24;1,065723029;72;1;3;3;074;074
2026039;2;2;1;3;4;1010;1105;9;1;24;1,065723029;72;1;3;3;074;074
2026039;2;3;1;3;4;1200;1215;1;5;2;0,998317676;72;1;3;3;074;074
2026039;2;4;1;3;4;1250;1305;5;1;2;0,998317676;72;1;3;3;074;074
2026039;3;1;1;9;1;830;900;1;12;8;2,233454877;43;1;3;3;074;074
2026039;3;2;1;9;1;1600;1640;12;1;8;2,233454877;43;1;3;3;074;074
2026257;1;1;1;3;1;1430;1450;1;9;24;0;62;1;3;3;074;074
2026257;1;2;1;3;1;2035;2100;1;1;24;0;62;1;3;3;074;074
2026257;2;1;2;3;1;1200;1215;1;5;24;0,478358242;57;1;3;3;074;074
2026257;2;2;2;3;1;1335;1350;5;1;24;0,478358242;57;1;3;3;074;074
2026257;2;3;2;3;1;1400;1450;1;1;24;2,770897983;57;1;3;3;074;074
2026257;3;1;1;4;4;2100;2110;1;10;24;0,325229888;27;1;3;3;074;074
2026275;1;1;1;3;4;700;810;1;9;24;5,154070381;76;1;2;2;007;074
2026275;1;2;1;3;4;815;930;9;1;24;5,154070381;76;1;2;2;074;007
2026275;1;3;1;3;4;1530;1600;1;9;24;1,500948127;76;1;2;2;074;074
2026275;1;4;1;3;4;1605;1635;9;1;24;1,500948127;76;1;2;2;074;074
2026275;2;1;2;7;1;1200;1210;1;5;24;0,313743249;82;1;2;2;074;074
2026275;2;2;2;7;1;1356;1400;5;1;24;0,313743249;82;1;2;2;074;074
2027139;1;1;1;3;4;1100;1130;1;1;24;0;79;1;2;2;074;074
2027139;1;2;1;3;4;1900;1930;1;9;24;0,473468459;79;1;2;2;074;074
2027139;1;3;1;3;4;1945;1955;9;1;24;0,473468459;79;1;2;2;074;074
2027139;2;1;2;3;1;1100;1130;1;1;24;0;80;1;2;2;074;074
2027139;2;2;2;3;1;1900;1910;1;9;24;0,473468459;80;1;2;2;074;074
2027139;2;3;2;3;1;1945;1955;9;1;24;0,473468459;80;1;2;2;074;074
2027855;1;1;1;3;4;1153;1200;1;5;11;1,04597819;70;1;2;2;161;074
2027855;1;2;1;3;4;1253;1300;5;1;11;1,04597819;70;1;2;2;074;161
2027855;2;-1;2;3;1;-1;-1;-1;-1;-1;-1;69;1;2;2;;
2030963;1;-1;2;3;1;-1;-1;-1;-1;-1;-1;79;1;3;3;;
2030963;2;-1;1;4;1;-1;-1;-1;-1;-1;-1;39;1;3;3;;
2030963;3;1;1;4;4;1200;1230;1;9;24;0;55;1;3;3;074;074
2031049;1;1;1;3;4;900;925;1;9;24;0;80;1;2;2;074;074
2031049;2;-1;2;8;1;-1;-1;-1;-1;-1;-1;78;1;2;2;;
2031145;1;1;1;3;4;924;925;1;10;24;0,05974391;70;1;2;2;074;074
2031145;1;2;1;3;4;959;1000;10;1;24;0,05974391;70;1;2;2;074;074
2031145;1;3;1;3;4;1030;1100;1;9;24;1,00468094;70;1;2;2;074;074
2031145;1;4;1;3;4;1100;1200;9;1;24;1,00468094;70;1;2;2;074;074
2031145;1;5;1;3;4;1817;1830;1;9;24;0,945293741;70;1;2;2;074;074
2031145;1;6;1;3;4;1830;1900;9;1;24;0,945293741;70;1;2;2;074;074
2031145;2;1;2;8;1;1817;1830;1;9;24;0,945293741;69;1;2;2;074;074
2031145;2;2;2;8;1;1830;1900;9;1;24;0,945293741;69;1;2;2;074;074
2032142;1;1;1;3;3;1100;1130;1;10;1;15,52823484;74;0;2;2;079;074
2032142;1;2;1;3;3;1400;1430;10;1;1;15,52823484;74;0;2;2;074;079
2032142;2;-1;2;7;1;-1;-1;-1;-1;-1;-1;78;0;2;2;;
2033300;1;1;2;4;4;1100;1110;1;5;24;0,80708833;56;1;2;2;074;074
2033300;1;2;2;4;4;1300;1315;5;1;24;0,80708833;56;1;2;2;074;074
2033300;2;1;2;6;4;800;920;1;4;2;18,55319913;27;1;2;2;079;074
2033300;2;2;2;6;4;1200;1300;4;1;2;18,55319913;27;1;2;2;074;079
2033631;1;1;1;3;1;1126;1130;1;5;24;0,256991282;70;1;2;2;074;074
2033631;1;2;1;3;1;1156;1200;5;1;24;0,256991282;70;1;2;2;074;074
2033631;1;3;1;3;1;1900;1930;1;11;24;1,084720192;70;1;2;2;074;074
2033631;1;4;1;3;1;2100;2130;11;1;24;1,084720192;70;1;2;2;074;074
2033631;2;1;2;3;4;1126;1130;1;5;24;0,256991282;66;1;2;2;074;074
2033631;2;2;2;3;4;1156;1200;5;1;24;0,256991282;66;1;2;2;074;074
2033631;2;3;2;3;4;1900;1930;1;11;24;1,084720192;66;1;2;2;074;074
2033631;2;4;2;3;4;2100;2130;11;1;24;1,084720192;66;1;2;2;074;074
2034944;1;1;1;3;4;1100;1140;1;9;2;19,66611355;69;1;2;2;079;074
2034944;1;2;1;3;4;1330;1410;9;1;2;19,66611355;69;1;2;2;074;079
2034944;2;1;2;8;1;1100;1110;1;5;24;0,361777113;63;1;2;2;074;074
2034944;2;2;2;8;1;1230;1240;5;1;24;0,361777113;63;1;2;2;074;074
2037457;1;1;1;3;4;1000;1010;1;6;11;1,477616863;78;1;2;2;074;074
2037457;1;2;1;3;4;1430;1440;6;1;11;1,477616863;78;1;2;2;074;074
2037457;1;3;1;3;4;1730;1750;1;5;11;4,99213144;78;1;2;2;007;074
2037457;1;4;1;3;4;2100;2120;5;1;11;4,99213144;78;1;2;2;074;007
2037457;2;1;2;7;1;1730;1750;1;5;14;4,99213144;78;1;2;2;007;074
2037457;2;2;2;7;1;2100;2150;5;1;14;4,99213144;78;1;2;2;074;007
2039788;1;-1;1;3;4;-1;-1;-1;-1;-1;-1;72;0;2;2;;
2039788;2;-1;2;8;1;-1;-1;-1;-1;-1;-1;70;0;2;2;;
2039991;1;1;1;3;4;900;915;1;9;4;2,228214155;67;1;2;2;074;074
2039991;1;2;1;3;4;1100;1115;9;1;4;2,228214155;67;1;2;2;074;074
2039991;2;-1;2;3;1;-1;-1;-1;-1;-1;-1;67;1;2;2;;
2040364;1;1;1;3;1;1200;1230;1;9;24;0,294656048;70;0;2;2;074;074
2040364;1;2;1;3;1;1230;1300;9;1;24;0,294656048;70;0;2;2;074;074
2040364;2;1;2;3;1;1200;1230;1;7;24;0,294656048;71;0;2;2;074;074
2040364;2;2;2;3;1;1230;1300;7;1;24;0,294656048;71;0;2;2;074;074
2041982;1;1;1;3;1;1900;1930;1;9;24;0,537730344;80;0;2;2;074;074
2041982;1;2;1;3;1;1930;2000;9;1;24;0,537730344;80;0;2;2;074;074
2041982;2;1;2;8;1;1900;1930;1;9;24;0,537730344;72;0;2;2;074;074
2041982;2;2;2;8;1;1930;2000;9;1;24;0,537730344;72;0;2;2;074;074
2042076;1;1;1;3;4;1000;1020;1;9;24;0;76;0;2;2;074;074
2042076;2;-1;2;8;1;-1;-1;-1;-1;-1;-1;82;0;2;2;;
2042522;1;1;1;3;4;1030;1040;1;5;24;1,308411698;66;0;3;3;074;074
2042522;1;2;1;3;4;1400;1410;5;1;24;1,308411698;66;0;3;3;074;074
2042522;1;3;1;3;4;1700;1715;1;5;24;0,854490429;66;0;3;3;074;074
2042522;1;4;1;3;4;1800;1815;5;1;24;0,854490429;66;0;3;3;074;074
2042522;1;5;1;3;4;1830;1840;1;5;24;0,851553365;66;0;3;3;074;074
2042522;1;6;1;3;4;1930;1945;5;1;24;0,851553365;66;0;3;3;074;074
2042522;2;1;2;8;4;1700;1715;1;5;24;0,854490429;65;0;3;3;074;074
2042522;2;2;2;8;4;1800;1815;5;1;24;0,854490429;65;0;3;3;074;074
2042522;3;-1;1;4;4;-1;-1;-1;-1;-1;-1;52;0;3;3;;
2044228;1;1;1;3;4;930;1000;1;9;24;1,735112528;64;1;2;2;074;074
2044228;1;2;1;3;4;1000;1030;9;1;24;1,735112528;64;1;2;2;074;074
2044228;1;3;1;3;4;1254;1300;1;5;24;0,27388408;64;1;2;2;074;074
2044228;1;4;1;3;4;1314;1320;5;1;24;0,27388408;64;1;2;2;074;074
2044228;1;5;1;3;4;1800;1830;1;9;24;1,735112528;64;1;2;2;074;074
2044228;1;6;1;3;4;1830;1900;9;1;24;1,735112528;64;1;2;2;074;074
2044228;2;1;2;3;4;930;1000;1;9;24;1,735112528;64;1;2;2;074;074
2044228;2;2;2;3;4;1000;1030;9;1;24;1,735112528;64;1;2;2;074;074
2044228;2;3;2;3;4;1200;1220;1;6;24;0,935848693;64;1;2;2;074;074
2044228;2;4;2;3;4;1240;1300;6;1;24;0,935848693;64;1;2;2;074;074
2044300;1;-1;2;8;1;-1;-1;-1;-1;-1;-1;82;1;2;2;;
2044300;2;1;1;3;4;1000;1025;1;9;24;0;76;1;2;2;074;074
2044850;1;1;1;3;1;1000;1015;1;9;24;0;65;0;2;2;074;074
2044850;2;-1;2;8;1;-1;-1;-1;-1;-1;-1;63;0;2;2;;
2045855;1;1;2;9;1;830;900;1;6;24;1,663511169;68;1;2;2;007;074
2045855;1;2;2;9;1;1000;1030;6;1;24;1,663511169;68;1;2;2;074;007
2045855;1;3;2;9;1;1200;1220;1;9;24;0;68;1;2;2;074;074
2045855;2;-1;1;3;4;-1;-1;-1;-1;-1;-1;65;1;2;2;;
2047129;1;-1;2;3;1;-1;-1;-1;-1;-1;-1;78;1;2;2;;
2047129;2;-1;1;3;4;-1;-1;-1;-1;-1;-1;77;1;2;2;;
2048501;1;1;2;3;1;1100;1115;1;9;24;0;70;1;2;2;074;074
2048501;2;1;1;3;4;1100;1115;1;9;24;0;69;1;2;2;074;074
2048834;1;-1;1;4;1;-1;-1;-1;-1;-1;-1;49;0;2;2;;
2048834;2;1;2;6;1;840;1000;1;4;2;18,45420485;29;0;2;2;079;074
2048834;2;2;2;6;1;1400;1520;4;1;2;18,45420485;29;0;2;2;074;079
2050460;1;1;2;8;1;1330;1345;1;5;14;1,225974326;65;1;2;2;074;074
2050460;1;2;2;8;1;1410;1430;5;1;14;1,225974326;65;1;2;2;074;074
2050460;2;1;1;3;4;1330;1345;1;5;11;1,225974326;67;1;2;2;074;074
2050460;2;2;1;3;4;1410;1430;5;1;11;1,225974326;67;1;2;2;074;074
2051419;1;1;1;4;1;1000;1010;1;10;24;0,775966636;63;0;3;3;074;074
2051419;1;2;1;4;1;1040;1055;10;1;24;0,775966636;63;0;3;3;074;074
2051419;1;3;1;4;1;1800;1830;1;9;24;0;63;0;3;3;074;074
2051419;2;1;2;7;1;1800;1830;1;9;24;0;63;0;3;3;074;074
2051419;3;1;2;9;1;1800;1830;1;9;24;0;38;0;3;3;074;074
2052203;1;1;1;3;4;1030;1100;1;6;2;1,589898953;75;0;2;2;074;074
2052203;1;2;1;3;4;1130;1200;6;1;2;1,589898953;75;0;2;2;074;074
2052203;2;-1;1;3;4;-1;-1;-1;-1;-1;-1;69;0;2;2;;
2053966;1;1;1;3;1;1000;1025;1;9;24;0;89;0;2;2;074;074
2053966;2;1;2;4;1;830;850;1;1;24;0;79;0;2;2;074;074
2053966;2;2;2;4;1;1000;1010;1;11;24;0,275228169;79;0;2;2;074;074
2053966;2;3;2;4;1;1200;1210;11;1;24;0,275228169;79;0;2;2;074;074
2054343;1;1;1;3;4;1100;1130;1;9;24;0,708244142;75;1;2;2;074;074
2054343;1;2;1;3;4;1130;1200;9;1;24;0,708244142;75;1;2;2;074;074
2054343;2;1;2;3;1;1000;1005;1;10;24;0,343024668;67;1;2;2;074;074
2054343;2;2;2;3;1;1130;1135;10;1;24;0,343024668;67;1;2;2;074;074
2055972;1;-1;2;8;1;-1;-1;-1;-1;-1;-1;37;0;2;2;;
2055972;2;1;2;7;1;1000;1010;1;1;24;0;51;0;2;2;074;074
2055972;2;2;2;7;1;1604;1605;1;11;24;0,026539703;51;0;2;2;074;074
2055972;2;3;2;7;1;1804;1805;11;1;24;0,026539703;51;0;2;2;074;074
2056274;1;1;1;3;4;1636;1640;1;8;24;0,146056615;75;0;2;2;074;074
2056274;1;2;1;3;4;2006;2010;8;1;24;0,146056615;75;0;2;2;074;074
2056274;2;1;2;3;1;1056;1110;1;10;24;0,834062038;69;0;2;2;074;074
2056274;2;2;2;3;1;1121;1135;10;1;24;0,834062038;69;0;2;2;074;074
2056274;2;3;2;3;1;1616;1630;1;7;24;0,834062038;69;0;2;2;074;074
2056274;2;4;2;3;1;1632;1646;7;1;24;0,834062038;69;0;2;2;074;074
2057456;1;1;1;3;4;830;835;1;6;11;1,44794464;73;1;2;2;074;074
2057456;1;2;1;3;4;850;855;6;1;11;1,44794464;73;1;2;2;074;074
2057456;1;3;1;3;4;1830;1835;1;9;24;0,23945144;73;1;2;2;074;074
2057456;1;4;1;3;4;1930;1935;9;1;24;0,23945144;73;1;2;2;074;074
2057456;2;1;2;8;1;1000;1010;1;9;24;0,23945144;67;1;2;2;074;074
2057456;2;2;2;8;1;1020;1030;9;1;24;0,23945144;67;1;2;2;074;074
2058692;1;-1;1;3;4;-1;-1;-1;-1;-1;-1;75;2;2;2;;
2058692;2;-1;2;3;4;-1;-1;-1;-1;-1;-1;75;2;2;2;;
2058752;1;-1;1;3;5;-1;-1;-1;-1;-1;-1;77;1;3;3;;
2058752;2;-1;2;8;4;-1;-1;-1;-1;-1;-1;61;1;3;3;;
2058752;3;1;1;6;1;1600;1630;1;4;1;24,30991031;39;1;3;3;079;074
2058752;3;2;1;6;1;1900;1930;4;1;1;24,30991031;39;1;3;3;074;079
2059813;1;1;1;3;1;1700;1730;1;9;24;1,192827435;62;0;2;2;074;074
2059813;1;2;1;3;1;1730;1800;9;1;24;1,192827435;62;0;2;2;074;074
2059813;2;1;2;3;1;1100;1200;1;10;4;10,87629134;69;0;2;2;065;074
2059813;2;2;2;3;1;1230;1300;10;1;4;10,87629134;69;0;2;2;074;065
2060715;1;1;1;3;4;900;910;1;9;24;0,623834216;70;1;2;2;074;074
2060715;1;2;1;3;4;1130;1140;9;1;24;0,623834216;70;1;2;2;074;074
2060715;1;4;1;3;4;1800;1900;1;9;24;2,102879971;70;1;2;2;074;074
2060715;1;5;1;3;4;2000;2030;9;1;24;2,102879971;70;1;2;2;074;074
2060715;2;1;2;8;1;1800;1900;1;9;24;2,102879971;68;1;2;2;074;074
2060715;2;2;2;8;1;2000;2030;9;1;24;2,102879971;68;1;2;2;074;074
2060856;1;1;1;3;4;1030;1200;1;10;1;16,43112407;73;1;2;2;079;074
2060856;1;2;1;3;4;1230;1330;10;1;1;16,43112407;73;1;2;2;074;079
2060856;2;1;2;3;1;1030;1200;1;7;1;16,76641685;72;1;2;2;079;074
2060856;2;2;2;3;1;1230;1330;7;1;1;16,76641685;72;1;2;2;074;079
2061103;1;-1;1;3;1;-1;-1;-1;-1;-1;-1;85;0;2;2;;
2061103;2;1;2;3;1;1500;1510;1;9;24;0;82;0;2;2;074;074
2061154;1;-1;2;3;1;-1;-1;-1;-1;-1;-1;72;0;4;4;;
2061154;2;1;2;9;2;1000;1015;1;6;24;1,114517482;36;0;4;4;074;074
2061154;2;2;2;9;2;1230;1245;6;1;24;1,114517482;36;0;4;4;074;074
2061154;3;-1;1;9;1;-1;-1;-1;-1;-1;-1;48;0;4;4;;
2061154;4;1;2;9;1;1000;1015;1;6;24;1,114517482;34;0;4;4;074;074
2061154;4;2;2;9;1;1230;1245;6;1;24;1,114517482;34;0;4;4;074;074
2061154;4;3;2;9;1;1830;1845;1;6;24;0,682130407;34;0;4;4;074;074
2061154;4;4;2;9;1;2000;2015;6;1;24;0,682130407;34;0;4;4;074;074
2061729;1;1;2;3;4;1650;1800;1;1;14;52,95617197;75;1;2;2;074;113
2061729;2;1;1;3;4;1650;1800;1;1;11;52,95617197;75;1;2;2;074;113
2062025;1;1;2;7;1;1200;1220;1;6;24;0,404491909;78;1;2;2;074;074
2062025;1;2;2;7;1;1430;1450;6;1;24;0,404491909;78;1;2;2;074;074
2062025;1;3;2;7;1;1930;1945;1;8;24;0,602072741;78;1;2;2;074;074
2062025;1;4;2;7;1;2030;2045;8;1;24;0,602072741;78;1;2;2;074;074
2062025;2;1;1;3;4;1200;1220;1;6;24;1,018627423;77;1;2;2;074;074
2062025;2;2;1;3;4;1430;1450;6;1;24;1,018627423;77;1;2;2;074;074
2062025;2;3;1;3;4;1930;1945;1;8;24;0,602072741;77;1;2;2;074;074
2062025;2;4;1;3;4;2030;2045;8;1;24;0,602072741;77;1;2;2;074;074
2062703;1;1;1;3;1;1030;1130;1;6;2;6,100639014;73;1;2;2;007;074
2062703;1;2;1;3;1;1315;1410;6;1;4;6,100639014;73;1;2;2;074;007
2062703;2;1;2;3;4;1111;1135;1;6;2;2,334492931;70;1;2;2;007;074
2062703;2;2;2;3;4;1306;1330;6;1;2;2,334492931;70;1;2;2;074;007
2064550;1;1;1;3;4;1254;1305;1;5;24;0,764245638;81;1;2;2;074;074
2064550;1;2;1;3;4;1314;1325;5;1;24;0,764245638;81;1;2;2;074;074
2064550;1;3;1;3;4;1700;1705;1;10;24;0,153627371;81;1;2;2;074;074
2064550;1;4;1;3;4;1746;1750;10;1;24;0,153627371;81;1;2;2;074;074
2064550;2;1;2;3;1;1729;1740;1;9;24;0,496318421;79;1;2;2;074;074
2064550;2;2;2;3;1;1951;2000;9;1;24;0,496318421;79;1;2;2;074;074
2065147;1;1;1;3;1;1100;1130;1;1;24;0;76;0;2;2;074;074
2065147;1;2;1;3;1;1730;1745;1;8;24;0,877394002;76;0;2;2;074;074
2065147;1;3;1;3;1;2014;2030;8;1;24;0,877394002;76;0;2;2;074;074
2065147;2;1;2;3;1;1730;1745;1;8;24;0,877394002;72;0;2;2;074;074
2065147;2;2;2;3;1;2014;2030;8;1;24;0,877394002;72;0;2;2;074;074
2067733;1;1;1;3;1;1256;1300;1;9;24;0,116231153;70;0;2;2;074;074
2067733;1;2;1;3;1;1326;1330;9;1;24;0,116231153;70;0;2;2;074;074
2067733;2;1;2;8;1;1256;1300;1;9;24;0,116231153;67;0;2;2;074;074
2067733;2;2;2;8;1;1326;1330;9;1;24;0,116231153;67;0;2;2;074;074
2068399;1;1;1;3;4;930;1015;1;9;24;0,931345781;76;1;2;2;074;074
2068399;1;2;1;3;4;1015;1105;9;1;24;0,931345781;76;1;2;2;074;074
2068399;2;1;2;7;1;1030;1100;1;9;24;1,794530093;77;1;2;2;074;074
2068399;2;2;2;7;1;1105;1135;9;1;24;1,794530093;77;1;2;2;074;074
2069694;1;1;1;3;4;1100;1145;1;9;24;2,599032777;75;1;2;2;074;074
2069694;1;2;1;3;4;1145;1230;9;1;24;2,599032777;75;1;2;2;074;074
2069694;2;1;2;8;1;1100;1145;1;9;24;2,599032777;73;1;2;2;074;074
2069694;2;2;2;8;1;1145;1230;9;1;24;2,599032777;73;1;2;2;074;074
2072257;1;1;1;3;4;900;925;1;1;24;0;66;1;2;2;074;074
2072257;2;-1;2;8;1;-1;-1;-1;-1;-1;-1;67;1;2;2;;
2072675;1;1;2;3;1;1830;1840;1;10;24;0,619234435;74;1;2;2;074;074
2072675;1;2;2;3;1;1930;1940;10;1;24;0,619234435;74;1;2;2;074;074
2072675;2;1;1;3;4;904;910;1;10;11;0,62115219;72;1;2;2;074;074
2072675;2;2;1;3;4;919;940;10;10;11;14,58403821;72;1;2;2;148;074
2072675;2;3;1;3;4;1300;1355;10;1;11;14,86023942;72;1;2;2;074;148
2073220;1;1;1;3;4;700;710;1;11;10;0,679481039;80;1;2;2;074;074
2073220;1;2;1;3;4;845;900;11;7;11;15,42544584;80;1;2;2;079;074
2073220;1;3;1;3;4;905;929;7;1;11;15,41620208;80;1;2;2;074;079
2073220;1;5;1;3;4;1630;1640;1;11;11;0,720392526;80;1;2;2;074;074
2073220;1;6;1;3;4;1930;1940;11;1;11;0,720392526;80;1;2;2;074;074
2073220;2;1;2;8;1;930;955;1;1;24;0;76;1;2;2;074;074
2073220;2;2;2;8;1;1114;1130;1;9;24;1,218241304;76;1;2;2;074;074
2073220;2;3;2;8;1;1230;1245;9;1;24;1,218241304;76;1;2;2;074;074
2073220;2;4;2;8;1;1600;1610;1;11;14;0,720392526;76;1;2;2;074;074
2073220;2;5;2;8;1;1930;1940;11;1;14;0,720392526;76;1;2;2;074;074
2073278;1;1;1;3;1;900;920;1;9;24;0;76;0;2;2;074;074
2073278;2;1;2;8;1;1000;1020;1;9;24;0;72;0;2;2;074;074
2073789;1;-1;1;3;4;-1;-1;-1;-1;-1;-1;70;1;2;2;;
2073789;2;-1;2;9;1;-1;-1;-1;-1;-1;-1;64;1;2;2;;
2074781;1;1;2;3;1;1800;1830;1;8;4;16,87947129;65;1;2;2;079;074
2074781;1;2;2;3;1;2100;2130;8;1;4;16,87947129;65;1;2;2;074;079
2074781;2;1;1;4;4;759;930;1;9;24;7,079515149;61;1;2;2;074;074
2075414;1;1;1;3;1;830;850;1;9;24;0;72;0;2;2;074;074
2075414;2;1;2;3;1;1000;1100;1;11;4;21,39165819;73;0;2;2;079;074
2075414;2;2;2;3;1;1800;2000;11;1;4;21,39165819;73;0;2;2;074;079
2076820;1;1;2;9;4;1600;1630;1;9;24;0;57;0;2;2;074;074
2076820;2;1;1;4;1;2030;2050;1;9;24;0;40;0;2;2;074;074
2077203;1;1;2;3;1;1130;1135;1;9;24;0;86;0;2;2;074;074
2077203;2;-1;1;3;1;-1;-1;-1;-1;-1;-1;89;0;2;2;;
2077680;1;-1;1;3;1;-1;-1;-1;-1;-1;-1;84;0;2;2;;
2077680;2;-1;2;8;1;-1;-1;-1;-1;-1;-1;83;0;2;2;;
2077909;1;1;1;3;4;1030;1045;1;10;11;7,095046138;75;1;2;2;148;074
2077909;1;2;1;3;4;1115;1130;10;1;11;7,095046138;75;1;2;2;074;148
2077909;2;-1;2;3;4;-1;-1;-1;-1;-1;-1;66;1;2;2;;
2078171;1;-1;2;3;1;-1;-1;-1;-1;-1;-1;95;1;2;2;;
2078171;2;1;2;7;4;1530;1610;1;10;11;23,3652516;72;1;2;2;079;074
2078171;2;2;2;7;4;2030;2110;10;1;11;23,3652516;72;1;2;2;074;079
2078918;1;1;1;3;4;1100;1110;1;9;11;1,789534055;71;1;2;2;074;074
2078918;1;2;1;3;4;1250;1300;9;1;11;1,789534055;71;1;2;2;074;074
2078918;1;3;1;3;4;1826;1830;1;9;24;0,254833148;71;1;2;2;074;074
2078918;1;4;1;3;4;1956;2000;9;1;24;0,254833148;71;1;2;2;074;074
2078918;2;1;2;3;4;1100;1110;1;9;14;1,789534055;67;1;2;2;074;074
2078918;2;2;2;3;4;1250;1300;9;1;14;1,789534055;67;1;2;2;074;074
2078918;2;3;2;3;4;1826;1830;1;9;24;0,254833148;67;1;2;2;074;074
2078918;2;4;2;3;4;1956;2000;9;1;24;0,254833148;67;1;2;2;074;074
2079012;1;1;1;3;4;1108;1110;1;7;11;0,423848408;67;1;3;3;074;074
2079012;1;2;1;3;4;1208;1210;7;1;11;0,423848408;67;1;3;3;074;074
2079012;1;3;1;3;4;1615;1730;1;10;14;35,64163523;67;1;3;3;161;074
2079012;1;4;1;3;4;2130;2230;10;1;14;35,64163523;67;1;3;3;074;161
2079012;2;-1;2;8;4;-1;-1;-1;-1;-1;-1;64;1;3;3;;
2079012;3;1;1;9;1;1108;1110;1;10;14;0,423848408;39;1;3;3;074;074
2079012;3;2;1;9;1;1208;1210;10;1;14;0,423848408;39;1;3;3;074;074
2079012;3;3;1;9;1;1600;1620;1;11;14;4,58373913;39;1;3;3;007;074
2079082;1;1;1;4;4;912;930;1;10;4;0,959367849;25;1;3;3;074;074
2079082;1;2;1;4;4;1143;1200;10;1;4;0,959367849;25;1;3;3;074;074
2079082;1;3;1;4;4;1929;1930;1;9;24;0,067623923;25;1;3;3;074;074
2079082;1;4;1;4;4;2059;2100;9;1;24;0,067623923;25;1;3;3;074;074
2079082;2;1;1;3;4;744;745;1;9;24;0,067623923;67;1;3;3;074;074
2079082;2;2;1;3;4;829;830;9;1;24;0,067623923;67;1;3;3;074;074
2079082;2;3;1;3;4;1929;1930;1;9;24;0,067623923;67;1;3;3;074;074
2079082;2;4;1;3;4;1959;2000;9;1;24;0,067623923;67;1;3;3;074;074
2079082;3;1;2;8;1;1129;1130;1;5;24;0,13725114;66;1;3;3;074;074
2079082;3;2;2;8;1;1159;1200;5;1;24;0,13725114;66;1;3;3;074;074
2079082;3;3;2;8;1;1929;1930;1;9;24;0,067623923;66;1;3;3;074;074
2079082;3;4;2;8;1;1959;2000;9;1;24;0,067623923;66;1;3;3;074;074
2079955;1;-1;1;3;4;-1;-1;-1;-1;-1;-1;75;0;2;2;;
2079955;2;-1;2;8;1;-1;-1;-1;-1;-1;-1;65;0;2;2;;
2081250;1;1;1;3;4;1048;1120;1;9;24;2,294346902;81;1;2;2;074;074
2081250;1;2;1;3;4;1248;1325;9;1;24;2,294346902;81;1;2;2;074;074
2081250;1;3;1;3;4;1900;1910;1;11;24;0,298322806;81;1;2;2;074;074
2081250;1;4;1;3;4;2000;2010;11;1;24;0,298322806;81;1;2;2;074;074
2081250;2;1;2;3;1;1234;1235;1;6;24;0,078288149;81;1;2;2;074;074
2081250;2;2;2;3;1;1304;1305;6;1;24;0,078288149;81;1;2;2;074;074
2081895;1;1;1;4;4;1030;1105;1;5;24;0,059552103;60;0;2;2;074;074
2081895;1;2;1;4;4;1130;1135;5;1;24;0,059552103;60;0;2;2;074;074
2081895;2;1;1;4;4;1000;1025;1;9;24;0;37;0;2;2;074;074
2081895;2;2;1;4;4;1930;1950;1;9;24;0;37;0;2;2;074;074
2082804;1;1;1;4;4;900;912;1;10;11;1,306741003;37;1;2;2;074;074
2082804;1;2;1;4;4;1200;1230;10;10;11;7,865785937;37;1;2;2;007;074
2082804;1;3;1;4;4;1235;1236;10;8;11;0,216349097;37;1;2;2;007;007
2082804;1;4;1;4;4;1747;1800;8;1;11;8,706363815;37;1;2;2;074;007
2082804;2;-1;2;4;1;-1;-1;-1;-1;-1;-1;28;1;2;2;;
2084999;1;-1;1;3;1;-1;-1;-1;-1;-1;-1;87;0;2;2;;
2084999;2;-1;2;9;1;-1;-1;-1;-1;-1;-1;85;0;2;2;;
2085910;1;-1;2;3;1;-1;-1;-1;-1;-1;-1;91;0;3;3;;
2085910;2;1;1;7;4;1145;1200;1;5;24;0,679949393;54;0;3;3;074;074
2085910;2;2;1;7;4;1300;1315;5;1;24;0,679949393;54;0;3;3;074;074
2085910;3;1;2;3;1;1545;1600;1;9;24;0,968428065;65;0;3;3;074;074
2085910;3;2;2;3;1;1645;1700;9;1;24;0,968428065;65;0;3;3;074;074
2087104;1;-1;1;3;4;-1;-1;-1;-1;-1;-1;70;1;2;2;;
2087104;2;-1;2;8;1;-1;-1;-1;-1;-1;-1;67;1;2;2;;
2088846;1;-1;2;8;1;-1;-1;-1;-1;-1;-1;51;1;4;4;;
2088846;2;1;2;8;1;1200;1230;1;5;24;0,814171761;40;1;4;4;074;074
2088846;2;2;2;8;1;1230;1300;5;1;24;0,814171761;40;1;4;4;074;074
2088846;3;1;2;4;1;1000;1030;1;10;14;8,488716304;44;1;4;4;092;074
2088846;3;2;2;4;1;1331;1400;10;1;14;8,488716304;44;1;4;4;074;092
2088846;3;3;2;4;1;1530;1600;1;10;14;8,488716304;44;1;4;4;092;074
2088846;3;4;2;4;1;2231;2300;10;1;14;8,488716304;44;1;4;4;074;092
2088846;4;1;1;4;4;1000;1030;1;10;11;8,488716304;44;1;4;4;092;074
2088846;4;2;1;4;4;1330;1400;10;1;11;8,488716304;44;1;4;4;074;092
2088846;4;3;1;4;4;1530;1600;1;10;11;8,488716304;44;1;4;4;092;074
2088846;4;4;1;4;4;2246;2315;10;1;11;8,488716304;44;1;4;4;074;092
2089343;1;1;1;3;4;1100;1115;1;9;24;0,601670833;66;1;2;2;074;074
2089343;1;2;1;3;4;1230;1245;9;1;24;0,601670833;66;1;2;2;074;074
2089343;1;3;1;3;4;1700;1730;1;9;20;0;66;1;2;2;074;074
2089343;1;4;1;3;4;1800;1825;1;8;11;3,800292257;66;1;2;2;007;074
2089343;1;5;1;3;4;2000;2020;8;1;11;3,800292257;66;1;2;2;074;007
2089343;2;1;2;3;4;1056;1110;1;10;24;0,873103997;70;1;2;2;074;074
2089343;2;2;2;3;4;1200;1215;10;1;24;0,873103997;70;1;2;2;074;074
2089343;2;3;2;3;4;1800;1820;1;8;14;3,800292257;70;1;2;2;007;074
2089343;2;4;2;3;4;2000;2020;8;1;14;3,800292257;70;1;2;2;074;007
2090388;1;1;2;8;4;1515;1600;10;10;14;5,792966895;65;2;2;2;161;074
2090388;1;2;2;8;4;1830;1905;10;1;14;5,792966895;65;2;2;2;074;161
2090388;2;1;1;3;4;1515;1600;10;10;11;5,792966895;63;2;2;2;161;074
2090388;2;2;1;3;4;1830;1905;10;1;11;5,792966895;63;2;2;2;074;161
2092371;1;-1;1;3;4;-1;-1;-1;-1;-1;-1;68;1;2;2;;
2092371;2;-1;2;3;4;-1;-1;-1;-1;-1;-1;66;1;2;2;;
2092885;1;-1;2;3;4;-1;-1;-1;-1;-1;-1;63;2;2;2;;
2092885;2;1;1;7;4;800;1200;1;8;8;243,6225314;63;2;2;2;079;074
2095443;1;-1;1;3;4;-1;-1;-1;-1;-1;-1;69;1;2;2;;
2095443;2;1;2;3;1;1230;1245;1;9;24;0;66;1;2;2;074;074
2097442;1;1;1;4;4;800;825;1;1;24;0;56;1;2;2;074;074
2097442;1;2;1;4;4;915;945;1;9;24;1,428767233;56;1;2;2;074;074
2097442;1;3;1;4;4;945;1015;9;1;24;1,428767233;56;1;2;2;074;074
2097442;1;4;1;4;4;1400;1430;1;1;24;0;56;1;2;2;074;074
2097442;1;5;1;4;4;1800;1845;1;9;24;1,428767233;56;1;2;2;074;074
2097442;1;6;1;4;4;1845;1915;9;1;24;1,428767233;56;1;2;2;074;074
2097442;2;1;2;4;1;1202;1226;1;9;24;0;47;1;2;2;074;074
